{"stats":{"minecraft:killed":{"minecraft:witch":2,"minecraft:spider":30,"naturalist:robin":1,"minecraft:cod":3,"naturalist:snail":2,"minecraft:skeleton":63,"minecraft:bee":1,"minecraft:chicken":3,"minecraft:pig":14,"naturalist:firefly":1,"naturalist:snake":2,"minecraft:salmon":32,"minecraft:creeper":19,"minecraft:sheep":15,"minecraft:trader_llama":2,"minecraft:pillager":2,"minecraft:zombie":109,"minecraft:cow":23,"minecraft:evoker":1,"minecraft:vindicator":3,"naturalist:coral_snake":1,"minecraft:drowned":2,"naturalist:bear":1,"minecraft:bat":1,"minecraft:ravager":1,"minecraft:squid":4,"minecraft:enderman":6},"minecraft:mined":{"create:andesite_casing":5,"minecraft:brewing_stand":1,"minecraft:obsidian":2,"minecraft:granite":37,"create:redstone_contact":1,"minecraft:acacia_log":1,"minecraft:grass_block":85,"minecraft:coal_block":13,"minecraft:soul_soil":16,"minecraft:oxeye_daisy":1,"yttr:deepslate_gadolinite":17,"minecraft:gilded_blackstone":31,"minecraft:raw_iron_block":1,"tconstruct:seared_ingot_gauge":1,"minecraft:magma_block":43,"minecraft:iron_ore":67,"tconstruct:seared_melter":3,"minecraft:deepslate_lapis_ore":2,"minecraft:azure_bluet":1,"minecraft:dirt_path":1,"minecraft:oak_stairs":1,"minecraft:azalea":1,"create:mechanical_press":1,"create:limestone":1,"ae2:fluix_block":8,"minecraft:deepslate_redstone_ore":13,"create:cogwheel":14,"ae2:sky_stone_chest":1,"minecraft:blackstone":6,"minecraft:kelp_plant":30,"minecraft:soul_fire":2,"minecraft:clay":13,"minecraft:torch":5,"minecraft:blast_furnace":2,"minecraft:poppy":2,"minecraft:calcite":2,"minecraft:chest":1,"minecraft:cobblestone":17,"doodads:glare_light":3,"minecraft:damaged_anvil":1,"minecraft:oak_planks":38,"minecraft:sugar_cane":117,"extractinator:silt":16,"vinery:white_grape_bush":1,"minecraft:wall_torch":3,"tconstruct:large_earth_slime_crystal_bud":2,"create:large_water_wheel":2,"minecraft:birch_sapling":2,"minecraft:seagrass":3,"techreborn:silver_ore":22,"minecraft:birch_log":58,"minecraft:wheat":35,"minecraft:birch_trapdoor":4,"minecraft:grass":21,"minecraft:oak_log":129,"techreborn:galena_ore":29,"minecraft:dirt":204,"minecraft:sand":68,"minecraft:smooth_basalt":1,"minecraft:netherrack":1,"minecraft:oak_leaves":47,"minecraft:deepslate":155,"create:andesite_encased_cogwheel":2,"create:zinc_ore":15,"techreborn:sapphire_ore":7,"minecraft:crying_obsidian":11,"minecraft:tuff":9,"minecraft:deepslate_diamond_ore":25,"minecraft:blackstone_wall":13,"extractinator:extractinator":1,"minecraft:stripped_birch_log":1,"minecraft:glow_lichen":1,"tconstruct:medium_earth_slime_crystal_bud":1,"tconstruct:earth_slime_crystal_block":2,"create:large_cogwheel":18,"create:ochrum":12,"minecraft:moss_block":2,"minecraft:kelp":2,"minecraft:hay_block":4,"minecraft:redstone_ore":3,"create:shaft":8,"minecraft:furnace":13,"techreborn:lead_ore":22,"minecraft:polished_basalt":4,"minecraft:andesite":27,"minecraft:gold_block":1,"minecraft:peony":1,"minecraft:bookshelf":1,"minecraft:deepslate_iron_ore":15,"minecraft:stripped_oak_log":1,"minecraft:white_tulip":1,"create:andesite_encased_large_cogwheel":2,"ae2:sky_stone_block":12,"minecraft:stone":554,"ae2:quartz_ore":9,"ad_astra:sky_stone":2,"minecraft:soul_sand":21,"yttr:gadolinite":89,"minecraft:lily_of_the_valley":1,"minecraft:basalt":3,"minecraft:dandelion":7,"minecraft:crafting_table":8,"minecraft:cornflower":1,"tconstruct:earth_slime_crystal_cluster":8,"vinery:cherry_log":6,"minecraft:rose_bush":1,"minecraft:copper_ore":32,"minecraft:tall_grass":8,"minecraft:lapis_ore":3,"minecraft:deepslate_gold_ore":59,"minecraft:diorite":225,"techreborn:tin_ore":23,"minecraft:birch_planks":2,"techreborn:ruby_ore":2,"create:gearbox":4,"minecraft:birch_leaves":13,"minecraft:coal_ore":86,"minecraft:gravel":163,"minecraft:dripstone_block":6,"ae2:deepslate_quartz_ore":11,"vinery:cherry_leaves":4,"minecraft:gold_ore":18},"minecraft:custom":{"lootr:looted_stat":22,"minecraft:interact_with_crafting_table":80,"minecraft:leave_game":30,"minecraft:time_since_death":31469,"minecraft:sprint_one_cm":817666,"minecraft:damage_blocked_by_shield":1445,"minecraft:drop":231,"minecraft:talked_to_villager":21,"minecraft:play_time":978887,"minecraft:deaths":2,"minecraft:jump":8962,"minecraft:interact_with_brewingstand":1,"minecraft:walk_on_water_one_cm":111104,"minecraft:interact_with_furnace":153,"minecraft:traded_with_villager":13,"minecraft:sleep_in_bed":37,"minecraft:damage_dealt":53832,"minecraft:crouch_one_cm":86937,"minecraft:interact_with_smithing_table":6,"minecraft:horse_one_cm":1825383,"minecraft:mob_kills":346,"minecraft:climb_one_cm":4196,"minecraft:walk_one_cm":1005605,"minecraft:raid_win":1,"minecraft:sneak_time":47570,"minecraft:walk_under_water_one_cm":221840,"minecraft:boat_one_cm":52463,"minecraft:interact_with_blast_furnace":32,"minecraft:total_world_time":978887,"minecraft:interact_with_stonecutter":3,"minecraft:time_since_rest":21118,"minecraft:damage_taken":9210,"minecraft:swim_one_cm":328793,"minecraft:fly_one_cm":1602888,"minecraft:open_chest":148,"minecraft:fall_one_cm":1694596},"minecraft:broken":{"minecraft:iron_shovel":1,"minecraft:iron_boots":1,"minecraft:iron_chestplate":1,"minecraft:iron_leggings":1,"minecraft:stone_pickaxe":1,"minecraft:iron_sword":2,"minecraft:iron_pickaxe":6,"minecraft:iron_helmet":1},"minecraft:crafted":{"minecraft:black_dye":1,"minecraft:oak_planks":440,"minecraft:smooth_stone":16,"minecraft:yellow_wool":2,"travelersbackpack:crafting_upgrade":1,"travelersbackpack:yellow_sleeping_bag":1,"minecraft:stone":19,"minecraft:lever":2,"minecraft:cooked_mutton":16,"tconstruct:seared_melter":1,"create:vertical_gearbox":1,"minecraft:glass":24,"minecraft:bow":2,"minecraft:iron_boots":2,"create:mechanical_press":1,"minecraft:chest":7,"minecraft:dried_kelp_block":1,"minecraft:birch_button":1,"minecraft:magenta_dye":4,"create:cogwheel":44,"minecraft:oak_fence":3,"travelersbackpack:iron_tier_upgrade":1,"create:rose_quartz":1,"minecraft:emerald":3,"minecraft:cooked_porkchop":32,"minecraft:crafting_table":8,"minecraft:iron_helmet":2,"minecraft:wooden_pickaxe":1,"travelersbackpack:standard":2,"minecraft:smithing_table":1,"minecraft:copper_ingot":132,"create:sand_paper":3,"minecraft:birch_planks":24,"minecraft:campfire":1,"tconstruct:scorched_alloyer":1,"create:clutch":2,"create:stressometer":1,"create:gearbox":2,"create:encased_fan":2,"farmersdelight:cutting_board":1,"minecraft:iron_chestplate":4,"minecraft:book":2,"minecraft:purple_dye":2,"minecraft:paper":9,"create:water_wheel":15,"minecraft:diamond_pickaxe":1,"minecraft:yellow_dye":5,"minecraft:shield":1,"techreborn:silver_ingot":2,"create:super_glue":1,"minecraft:stick":56,"minecraft:iron_ingot":229,"minecraft:compass":1,"minecraft:iron_pickaxe":7,"minecraft:iron_block":1,"minecraft:stone_sword":1,"minecraft:gold_ingot":64,"create:large_cogwheel":17,"minecraft:light_gray_dye":2,"create:propeller":2,"create:elevator_pulley":1,"tconstruct:seared_fuel_gauge":1,"minecraft:shears":2,"minecraft:raw_iron":9,"minecraft:coal":45,"create:wrench":1,"minecraft:iron_nugget":243,"minecraft:furnace":10,"minecraft:blast_furnace":3,"minecraft:sugar_cane":4,"minecraft:yellow_bed":1,"minecraft:bone_meal":27,"create:contraption_controls":1,"minecraft:pink_dye":2,"travelersbackpack:blank_upgrade":4,"travelersbackpack:gold_tier_upgrade":1,"minecraft:flint_and_steel":1,"yttr:xl_iron_ingot":36,"travelersbackpack:white_sleeping_bag":1,"minecraft:iron_axe":3,"techreborn:tin_ingot":21,"tconstruct:seared_table":1,"create:millstone":1,"minecraft:stone_pickaxe":1,"create:electron_tube":1,"tconstruct:scorched_ingot_gauge":1,"create:belt_connector":9,"travelersbackpack:diamond_tier_upgrade":1,"minecraft:wheat":36,"minecraft:cooked_beef":47,"yttr:yttrium_ingot":46,"minecraft:red_dye":2,"minecraft:cooked_cod":3,"create:andesite_alloy":86,"minecraft:diamond_sword":1,"travelersbackpack:backpack_tank":4,"minecraft:dried_kelp":128,"minecraft:yellow_carpet":3,"minecraft:iron_sword":2,"create:large_water_wheel":15,"minecraft:cooked_salmon":25,"create:redstone_contact":4,"minecraft:bucket":5,"minecraft:stone_axe":1,"minecraft:orange_dye":2,"minecraft:air":0,"minecraft:bread":30,"minecraft:blue_dye":1,"travelersbackpack:squid":2,"tconstruct:seared_heater":2,"create:speedometer":1,"tconstruct:seared_ingot_gauge":2,"minecraft:white_wool":2,"minecraft:birch_trapdoor":2,"tconstruct:seared_faucet":3,"minecraft:iron_shovel":3,"minecraft:iron_leggings":2,"minecraft:stonecutter":1,"minecraft:white_bed":1,"create:shaft":120,"minecraft:andesite":168,"minecraft:acacia_planks":4,"minecraft:torch":48,"create:zinc_ingot":8,"minecraft:clay":6,"tconstruct:grout":48},"minecraft:dropped":{"create:belt_connector":9,"minecraft:iron_sword":2,"minecraft:soul_sand":21,"minecraft:orange_dye":2,"minecraft:glass_bottle":3,"techreborn:advanced_alloy_ingot":2,"vinery:white_grape_seeds":2,"minecraft:leather":4,"minecraft:rail":2,"tconstruct:earth_slime_crystal":3,"minecraft:flint":16,"minecraft:dirt":110,"techreborn:raw_tin":1,"minecraft:mutton":2,"minecraft:gold_nugget":5,"minecraft:bone_meal":24,"minecraft:sand":15,"minecraft:sugar":2,"minecraft:iron_pickaxe":3,"ae2:silicon_press":4,"ftbquests:book":1,"minecraft:gold_ingot":6,"minecraft:bone":30,"vinery:red_grape_seeds":1,"minecraft:gravel":69,"ae2:calculation_processor_press":2,"ae2:engineering_processor_press":2,"minecraft:iron_nugget":14,"minecraft:cobbled_deepslate":10,"minecraft:wheat":6,"minecraft:birch_sapling":2,"techreborn:bauxite_dust":1,"minecraft:rotten_flesh":14,"minecraft:oak_planks":4,"techreborn:peridot_gem":2,"travelersbackpack:yellow_sleeping_bag":1,"minecraft:carrot":1,"tconstruct:grout":97,"doodads:loggers_glove":1,"minecraft:gunpowder":1,"create:gearbox":1,"minecraft:beetroot_seeds":3,"create:limestone":1,"farmersdelight:rope":12,"minecraft:basalt":3,"ad_astra:moon_sand":2,"doodads:glare_staff":1,"tconstruct:seared_faucet":2,"farmersdelight:tomato_seeds":10,"minecraft:iron_ingot":15,"minecraft:wheat_seeds":2,"travelersbackpack:bookshelf":1,"doodads:glare_plushie":1,"minecraft:dripstone_block":6,"ae2:sky_stone_block":1,"minecraft:feather":2,"doodads:shulker_aglet":1,"minecraft:iron_helmet":1,"minecraft:cobblestone":154,"minecraft:granite":10,"minecraft:copper_ingot":26,"minecraft:grass_block":4,"minecraft:coal":5,"minecraft:stick":7,"ad_astra:sky_stone":2,"minecraft:blue_dye":1,"minecraft:diorite":40,"minecraft:torch":20,"minecraft:cooked_salmon":7,"minecraft:potion":5,"minecraft:iron_leggings":1,"minecraft:heart_of_the_sea":1,"minecraft:iron_axe":4,"minecraft:polished_basalt":2,"minecraft:string":2,"create:raw_zinc":10,"minecraft:dandelion":2,"techreborn:red_garnet_gem":5,"create:ochrum":12,"create:shaft":1,"minecraft:stone_sword":1,"minecraft:raw_copper":8,"minecraft:tuff":3,"minecraft:raw_iron":7,"minecraft:chicken":2,"minecraft:iron_boots":1,"yttr:raw_gadolinite":5,"techreborn:ruby_gem":7,"ae2:logic_processor_press":1,"doodads:cactus_ring":1,"minecraft:totem_of_undying":1,"doodads:duct_tape":1,"minecraft:iron_chestplate":3,"minecraft:andesite":12,"minecraft:oak_sapling":4,"minecraft:spider_eye":6,"minecraft:light_gray_dye":2,"minecraft:magenta_dye":4,"minecraft:bow":2,"minecraft:raw_gold":2,"extractinator:silt":1,"ae2:certus_quartz_crystal":1},"minecraft:killed_by":{"minecraft:ravager":1,"minecraft:skeleton":1},"minecraft:picked_up":{"techreborn:advanced_alloy_ingot":2,"techreborn:raw_tin":23,"minecraft:iron_chestplate":2,"vinery:red_grape":38,"minecraft:wheat":30,"minecraft:lead":6,"minecraft:oak_stairs":1,"vinery:red_grape_seeds":2,"vinery:cherry_log":6,"minecraft:potion":4,"minecraft:gilded_blackstone":29,"minecraft:brewing_stand":1,"minecraft:string":23,"minecraft:soul_soil":15,"minecraft:raw_copper":140,"create:limestone":1,"minecraft:cooked_salmon":7,"minecraft:iron_leggings":1,"techreborn:galena_ore":29,"create:sand_paper":1,"minecraft:gold_nugget":28,"create:mechanical_press":1,"minecraft:cobbled_deepslate":89,"minecraft:rose_bush":1,"minecraft:azalea":1,"minecraft:iron_pickaxe":3,"minecraft:coal_block":13,"minecraft:iron_boots":1,"minecraft:furnace":13,"minecraft:stick":52,"doodads:cactus_ring":2,"travelersbackpack:yellow_sleeping_bag":1,"minecraft:birch_trapdoor":4,"minecraft:torch":12,"minecraft:acacia_log":1,"create:andesite_casing":5,"minecraft:porkchop":32,"create:redstone_contact":1,"minecraft:diorite":260,"ae2:sky_stone_block":9,"create:large_cogwheel":31,"minecraft:rotten_flesh":125,"minecraft:blackstone_wall":13,"ae2:fluix_block":8,"create:ochrum":12,"minecraft:polished_basalt":2,"doodads:shulker_aglet":1,"minecraft:blue_dye":1,"minecraft:obsidian":2,"minecraft:cod":3,"minecraft:cobblestone":586,"minecraft:birch_log":58,"minecraft:magma_block":43,"minecraft:feather":2,"minecraft:andesite":25,"create:belt_connector":9,"minecraft:flint":29,"minecraft:tuff":9,"create:raw_zinc":18,"minecraft:dirt":452,"minecraft:lapis_lazuli":31,"minecraft:stripped_birch_log":1,"minecraft:glass":15,"travelersbackpack:bookshelf":1,"minecraft:bone":55,"minecraft:bow":4,"minecraft:wheat_seeds":3,"minecraft:raw_gold":92,"ae2:logic_processor_press":1,"create:shaft":8,"minecraft:glowstone_dust":2,"minecraft:moss_block":1,"minecraft:honeycomb":21,"minecraft:oak_planks":40,"yttr:raw_gadolinite":108,"create:cogwheel":23,"tconstruct:seared_ingot_gauge":1,"ae2:certus_quartz_crystal":7,"techreborn:raw_lead":23,"minecraft:sand":66,"minecraft:ink_sac":8,"extractinator:silt":12,"minecraft:grass_block":6,"minecraft:lily_of_the_valley":1,"techreborn:sapphire_gem":12,"techreborn:red_garnet_gem":5,"techreborn:peridot_gem":4,"minecraft:sugar":2,"minecraft:diamond":25,"minecraft:granite":16,"minecraft:bone_meal":1,"minecraft:emerald":5,"minecraft:oak_sapling":45,"create:copper_sheet":14,"minecraft:crafting_table":8,"minecraft:azure_bluet":1,"minecraft:chicken":2,"minecraft:clay_ball":24,"minecraft:gold_block":1,"ae2:silicon_press":4,"ad_astra:sky_stone":2,"tconstruct:earth_slime_crystal":33,"minecraft:cornflower":1,"minecraft:iron_axe":4,"vinery:cherry_sapling":5,"minecraft:blackstone":70,"techreborn:raw_silver":21,"minecraft:beef":47,"vinery:cherry":1,"minecraft:iron_nugget":7,"minecraft:poppy":2,"minecraft:sugar_cane":216,"minecraft:chest":2,"minecraft:birch_sapling":15,"minecraft:egg":14,"minecraft:raw_iron":88,"create:golden_sheet":3,"minecraft:copper_ingot":12,"techreborn:ruby_gem":7,"minecraft:carrot":1,"minecraft:redstone":65,"create:zinc_ingot":7,"create:vertical_gearbox":3,"minecraft:arrow":72,"minecraft:beetroot_seeds":3,"tconstruct:grout":49,"ae2:certus_quartz_dust":63,"minecraft:peony":1,"doodads:duct_tape":1,"vinery:white_grape_seeds":3,"minecraft:hay_block":4,"minecraft:gold_ingot":3,"minecraft:totem_of_undying":1,"minecraft:saddle":1,"techreborn:bauxite_dust":2,"ae2:calculation_processor_press":1,"minecraft:mutton":18,"minecraft:glow_berries":1,"extractinator:extractinator":1,"minecraft:rail":2,"minecraft:white_wool":13,"minecraft:oxeye_daisy":1,"doodads:slimey_shoes":1,"minecraft:stripped_oak_log":1,"doodads:glare_plushie":1,"create:iron_sheet":13,"minecraft:basalt":3,"minecraft:salmon":29,"minecraft:leather":26,"minecraft:birch_planks":2,"minecraft:oak_log":129,"minecraft:gunpowder":14,"minecraft:white_banner":4,"naturalist:glow_goop":1,"tconstruct:seared_brick":48,"minecraft:apple":5,"farmersdelight:cooking_pot":1,"minecraft:kelp":135,"minecraft:iron_ingot":9,"minecraft:glass_bottle":3,"minecraft:iron_sword":2,"minecraft:soul_sand":31,"minecraft:book":3,"create:large_water_wheel":5,"doodads:loggers_glove":2,"minecraft:quartz":4,"minecraft:dandelion":7,"minecraft:raw_iron_block":1,"minecraft:dripstone_block":6,"minecraft:gravel":143,"doodads:sun_ring":1,"minecraft:blast_furnace":2,"minecraft:crying_obsidian":10,"minecraft:spider_eye":7,"create:gearbox":3,"minecraft:slime_ball":2,"create:encased_fan":1,"minecraft:iron_helmet":1,"tconstruct:seared_melter":3,"ae2:engineering_processor_press":1,"minecraft:damaged_anvil":1,"minecraft:coal":200,"minecraft:ender_pearl":2},"minecraft:used":{"minecraft:moss_block":1,"minecraft:iron_shovel":423,"minecraft:shield":37,"minecraft:chest":6,"minecraft:iron_sword":503,"minecraft:rotten_flesh":21,"minecraft:iron_chestplate":2,"minecraft:lily_of_the_valley":1,"create:cogwheel":61,"minecraft:tuff":6,"minecraft:lava_bucket":3,"minecraft:grass_block":2,"minecraft:birch_sapling":13,"minecraft:iron_helmet":2,"tconstruct:seared_faucet":1,"create:millstone":1,"minecraft:birch_trapdoor":6,"create:shaft":74,"farmersdelight:cutting_board":1,"minecraft:bow":51,"minecraft:oak_sapling":22,"minecraft:cooked_cod":3,"minecraft:furnace":17,"minecraft:egg":4,"vinery:white_grape_seeds":1,"minecraft:diorite":5,"minecraft:damaged_anvil":1,"minecraft:oak_planks":39,"minecraft:stone_pickaxe":132,"minecraft:blackstone":7,"minecraft:wooden_pickaxe":12,"minecraft:sugar_cane":25,"minecraft:glow_berries":1,"simplyswords:iron_chakram":22,"minecraft:blackstone_wall":49,"minecraft:blast_furnace":5,"minecraft:shears":8,"minecraft:lever":2,"minecraft:crying_obsidian":5,"minecraft:bread":21,"create:contraption_controls":2,"create:andesite_casing":2,"minecraft:gravel":5,"minecraft:diamond_sword":76,"minecraft:smithing_table":1,"create:stressometer":5,"minecraft:poisonous_potato":1,"minecraft:birch_log":3,"create:vertical_gearbox":8,"minecraft:tropical_fish_bucket":8,"minecraft:bone_meal":4,"create:large_cogwheel":79,"minecraft:azalea":1,"minecraft:oak_fence":1,"minecraft:rose_bush":1,"minecraft:stone_sword":67,"minecraft:flint_and_steel":1,"minecraft:cooked_salmon":29,"tconstruct:seared_ingot_gauge":3,"minecraft:torch":52,"minecraft:brewing_stand":1,"minecraft:dirt":269,"create:redstone_contact":11,"minecraft:yellow_carpet":3,"minecraft:granite":6,"tconstruct:seared_heater":2,"ae2:fluix_block":1,"create:gearbox":4,"create:wrench":248,"minecraft:iron_axe":215,"minecraft:oak_stairs":1,"travelersbackpack:squid":11,"minecraft:iron_boots":2,"extractinator:extractinator":1,"doodads:spore_sword":1,"create:belt_connector":23,"minecraft:soul_soil":4,"doodads:glare_staff":1,"minecraft:cooked_beef":37,"vinery:red_grape":38,"minecraft:cobbled_deepslate":1,"minecraft:iron_leggings":1,"minecraft:cooked_mutton":16,"minecraft:water_bucket":23,"minecraft:birch_planks":11,"tconstruct:scorched_alloyer":1,"tconstruct:magma_bucket":6,"minecraft:stonecutter":1,"minecraft:gilded_blackstone":25,"minecraft:salmon":4,"create:encased_fan":10,"minecraft:crafting_table":14,"minecraft:spider_eye":1,"minecraft:campfire":1,"minecraft:oak_log":20,"minecraft:diamond_pickaxe":67,"create:mechanical_press":3,"travelersbackpack:bookshelf":1,"tconstruct:seared_table":1,"minecraft:iron_pickaxe":1615,"create:large_water_wheel":44,"simplyswords:iron_sai":5,"minecraft:stone_axe":53,"tconstruct:seared_melter":4,"minecraft:cobblestone":21,"travelersbackpack:standard":1,"minecraft:cooked_porkchop":15,"minecraft:bucket":46,"minecraft:yellow_bed":1,"create:clutch":3,"create:elevator_pulley":4,"vinery:red_grape_seeds":1}},"DataVersion":2975}