{"stats":{"minecraft:dropped":{"minecraft:iron_sword":2,"minecraft:orange_dye":2,"minecraft:glass_bottle":3,"techreborn:advanced_alloy_ingot":2,"vinery:white_grape_seeds":1,"minecraft:leather":4,"minecraft:rail":2,"minecraft:flint":13,"minecraft:dirt":79,"minecraft:mutton":2,"minecraft:gold_nugget":5,"minecraft:bone_meal":24,"minecraft:sand":15,"minecraft:iron_pickaxe":3,"ae2:silicon_press":4,"ftbquests:book":1,"minecraft:gold_ingot":6,"vinery:red_grape_seeds":1,"minecraft:gravel":8,"ae2:calculation_processor_press":2,"ae2:engineering_processor_press":2,"minecraft:iron_nugget":14,"minecraft:cobbled_deepslate":7,"minecraft:wheat":6,"minecraft:birch_sapling":2,"techreborn:bauxite_dust":1,"minecraft:rotten_flesh":10,"minecraft:oak_planks":4,"techreborn:peridot_gem":2,"travelersbackpack:yellow_sleeping_bag":1,"minecraft:carrot":1,"tconstruct:grout":97,"doodads:loggers_glove":1,"minecraft:gunpowder":1,"minecraft:beetroot_seeds":3,"create:gearbox":1,"farmersdelight:rope":12,"ad_astra:moon_sand":2,"doodads:glare_staff":1,"farmersdelight:tomato_seeds":10,"minecraft:iron_ingot":12,"minecraft:wheat_seeds":1,"travelersbackpack:bookshelf":1,"doodads:glare_plushie":1,"minecraft:dripstone_block":6,"ae2:sky_stone_block":1,"minecraft:iron_helmet":1,"doodads:shulker_aglet":1,"minecraft:feather":2,"minecraft:cobblestone":71,"minecraft:granite":4,"minecraft:copper_ingot":26,"minecraft:grass_block":4,"minecraft:coal":5,"minecraft:stick":7,"ad_astra:sky_stone":2,"minecraft:blue_dye":1,"minecraft:diorite":2,"minecraft:torch":20,"minecraft:cooked_salmon":7,"minecraft:potion":5,"minecraft:iron_leggings":1,"minecraft:heart_of_the_sea":1,"minecraft:polished_basalt":2,"minecraft:iron_axe":2,"minecraft:string":2,"create:raw_zinc":3,"minecraft:dandelion":2,"techreborn:red_garnet_gem":5,"create:ochrum":12,"create:shaft":1,"minecraft:stone_sword":1,"minecraft:raw_copper":8,"minecraft:tuff":3,"minecraft:raw_iron":7,"minecraft:chicken":2,"minecraft:iron_boots":1,"yttr:raw_gadolinite":5,"techreborn:ruby_gem":7,"ae2:logic_processor_press":1,"doodads:cactus_ring":1,"doodads:duct_tape":1,"minecraft:iron_chestplate":3,"minecraft:andesite":12,"minecraft:spider_eye":6,"minecraft:light_gray_dye":2,"minecraft:magenta_dye":4,"minecraft:bow":2,"minecraft:raw_gold":2,"ae2:certus_quartz_crystal":1},"minecraft:used":{"minecraft:moss_block":1,"minecraft:iron_shovel":223,"minecraft:chest":3,"minecraft:shield":36,"minecraft:iron_sword":503,"minecraft:rotten_flesh":21,"minecraft:iron_chestplate":1,"create:cogwheel":34,"minecraft:tuff":6,"minecraft:lava_bucket":3,"minecraft:grass_block":1,"minecraft:iron_helmet":2,"minecraft:bow":24,"create:shaft":32,"minecraft:cooked_cod":3,"minecraft:oak_sapling":6,"minecraft:furnace":17,"minecraft:egg":3,"minecraft:diorite":5,"minecraft:damaged_anvil":1,"minecraft:stone_pickaxe":132,"minecraft:oak_planks":6,"minecraft:wooden_pickaxe":12,"minecraft:sugar_cane":25,"minecraft:glow_berries":1,"simplyswords:iron_chakram":22,"minecraft:blast_furnace":5,"minecraft:bread":4,"create:andesite_casing":1,"minecraft:gravel":5,"minecraft:diamond_sword":15,"minecraft:smithing_table":1,"minecraft:poisonous_potato":1,"create:vertical_gearbox":7,"minecraft:tropical_fish_bucket":8,"minecraft:bone_meal":4,"minecraft:azalea":1,"create:large_cogwheel":55,"minecraft:oak_fence":1,"minecraft:stone_sword":67,"minecraft:cooked_salmon":29,"minecraft:brewing_stand":1,"minecraft:torch":46,"minecraft:dirt":85,"minecraft:granite":2,"tconstruct:seared_heater":1,"ae2:fluix_block":1,"create:gearbox":4,"create:wrench":102,"minecraft:iron_axe":176,"travelersbackpack:squid":11,"minecraft:iron_boots":2,"extractinator:extractinator":1,"minecraft:soul_soil":3,"doodads:glare_staff":1,"minecraft:cooked_beef":24,"vinery:red_grape":38,"doodads:spore_sword":1,"minecraft:cobbled_deepslate":1,"minecraft:iron_leggings":1,"minecraft:cooked_mutton":16,"minecraft:water_bucket":19,"minecraft:salmon":4,"create:encased_fan":9,"minecraft:crafting_table":14,"minecraft:spider_eye":1,"minecraft:oak_log":11,"create:mechanical_press":3,"travelersbackpack:bookshelf":1,"minecraft:iron_pickaxe":1188,"create:large_water_wheel":6,"simplyswords:iron_sai":5,"minecraft:stone_axe":53,"tconstruct:seared_melter":1,"minecraft:cobblestone":7,"travelersbackpack:standard":1,"minecraft:cooked_porkchop":15,"minecraft:bucket":35,"minecraft:yellow_bed":1,"vinery:red_grape_seeds":1},"minecraft:broken":{"minecraft:iron_boots":1,"minecraft:iron_leggings":1,"minecraft:stone_pickaxe":1,"minecraft:iron_sword":2,"minecraft:iron_pickaxe":4,"minecraft:iron_helmet":1},"minecraft:crafted":{"minecraft:black_dye":1,"minecraft:smooth_stone":16,"minecraft:oak_planks":244,"travelersbackpack:crafting_upgrade":1,"travelersbackpack:yellow_sleeping_bag":1,"minecraft:stone":16,"minecraft:cooked_mutton":16,"tconstruct:seared_melter":1,"create:vertical_gearbox":1,"minecraft:glass":24,"minecraft:bow":2,"minecraft:iron_boots":2,"create:mechanical_press":1,"minecraft:chest":5,"minecraft:magenta_dye":4,"create:cogwheel":44,"minecraft:oak_fence":3,"travelersbackpack:iron_tier_upgrade":1,"minecraft:emerald":3,"minecraft:cooked_porkchop":32,"minecraft:crafting_table":8,"travelersbackpack:standard":2,"minecraft:wooden_pickaxe":1,"minecraft:iron_helmet":2,"minecraft:smithing_table":1,"minecraft:copper_ingot":132,"create:gearbox":2,"create:encased_fan":1,"minecraft:iron_chestplate":3,"minecraft:book":2,"minecraft:yellow_dye":3,"minecraft:paper":6,"create:water_wheel":4,"minecraft:diamond_pickaxe":1,"minecraft:purple_dye":2,"minecraft:shield":1,"techreborn:silver_ingot":2,"minecraft:stick":56,"minecraft:iron_ingot":197,"minecraft:iron_pickaxe":5,"minecraft:iron_block":1,"minecraft:stone_sword":1,"minecraft:gold_ingot":64,"create:large_cogwheel":14,"minecraft:light_gray_dye":2,"create:propeller":1,"tconstruct:seared_fuel_gauge":1,"minecraft:raw_iron":9,"minecraft:coal":36,"create:wrench":1,"minecraft:iron_nugget":234,"minecraft:furnace":10,"minecraft:blast_furnace":3,"minecraft:sugar_cane":4,"minecraft:yellow_bed":1,"minecraft:bone_meal":27,"minecraft:pink_dye":2,"travelersbackpack:blank_upgrade":4,"travelersbackpack:gold_tier_upgrade":1,"yttr:xl_iron_ingot":27,"travelersbackpack:white_sleeping_bag":1,"minecraft:iron_axe":2,"techreborn:tin_ingot":21,"tconstruct:seared_table":1,"minecraft:stone_pickaxe":1,"travelersbackpack:diamond_tier_upgrade":1,"minecraft:wheat":36,"minecraft:cooked_beef":47,"yttr:yttrium_ingot":46,"minecraft:red_dye":2,"minecraft:cooked_cod":3,"create:andesite_alloy":82,"minecraft:diamond_sword":1,"travelersbackpack:backpack_tank":4,"minecraft:iron_sword":2,"create:large_water_wheel":4,"minecraft:cooked_salmon":25,"minecraft:bucket":1,"minecraft:stone_axe":1,"minecraft:orange_dye":2,"minecraft:air":0,"minecraft:blue_dye":1,"travelersbackpack:squid":2,"tconstruct:seared_heater":1,"minecraft:white_wool":2,"minecraft:iron_shovel":3,"minecraft:iron_leggings":2,"minecraft:white_bed":1,"create:shaft":72,"minecraft:andesite":160,"minecraft:acacia_planks":4,"minecraft:torch":48,"create:zinc_ingot":5,"minecraft:clay":6,"tconstruct:grout":48},"minecraft:killed":{"minecraft:spider":29,"naturalist:robin":1,"minecraft:cod":3,"naturalist:snail":2,"minecraft:skeleton":50,"minecraft:bee":1,"minecraft:chicken":3,"minecraft:pig":14,"naturalist:firefly":1,"naturalist:snake":2,"minecraft:salmon":32,"minecraft:creeper":19,"minecraft:sheep":15,"minecraft:trader_llama":2,"minecraft:zombie":97,"minecraft:cow":23,"naturalist:coral_snake":1,"minecraft:drowned":1,"naturalist:bear":1,"minecraft:bat":1,"minecraft:squid":4,"minecraft:enderman":4},"minecraft:mined":{"create:andesite_casing":5,"minecraft:brewing_stand":1,"minecraft:granite":6,"minecraft:acacia_log":1,"minecraft:grass_block":68,"minecraft:coal_block":5,"minecraft:soul_soil":3,"minecraft:oxeye_daisy":1,"yttr:deepslate_gadolinite":17,"minecraft:gilded_blackstone":13,"minecraft:raw_iron_block":1,"minecraft:magma_block":24,"minecraft:iron_ore":67,"minecraft:deepslate_lapis_ore":2,"minecraft:azure_bluet":1,"minecraft:dirt_path":1,"minecraft:azalea":1,"create:mechanical_press":1,"ae2:fluix_block":8,"minecraft:deepslate_redstone_ore":13,"create:cogwheel":13,"ae2:sky_stone_chest":1,"minecraft:blackstone":4,"minecraft:soul_fire":2,"minecraft:clay":13,"minecraft:torch":3,"minecraft:blast_furnace":2,"minecraft:poppy":2,"minecraft:calcite":2,"minecraft:cobblestone":4,"doodads:glare_light":3,"minecraft:damaged_anvil":1,"minecraft:oak_planks":6,"extractinator:silt":15,"minecraft:sugar_cane":69,"minecraft:wall_torch":2,"create:large_water_wheel":2,"tconstruct:large_earth_slime_crystal_bud":2,"minecraft:seagrass":3,"techreborn:silver_ore":22,"minecraft:wheat":35,"minecraft:grass":14,"minecraft:oak_log":71,"techreborn:galena_ore":29,"minecraft:dirt":112,"minecraft:sand":65,"minecraft:smooth_basalt":1,"minecraft:netherrack":1,"minecraft:oak_leaves":30,"minecraft:deepslate":61,"create:andesite_encased_cogwheel":2,"create:zinc_ore":8,"techreborn:sapphire_ore":7,"minecraft:tuff":4,"minecraft:deepslate_diamond_ore":18,"extractinator:extractinator":1,"tconstruct:medium_earth_slime_crystal_bud":1,"tconstruct:earth_slime_crystal_block":2,"create:large_cogwheel":18,"create:ochrum":12,"minecraft:moss_block":2,"minecraft:hay_block":4,"minecraft:redstone_ore":3,"create:shaft":8,"minecraft:furnace":13,"techreborn:lead_ore":22,"minecraft:polished_basalt":4,"minecraft:andesite":18,"minecraft:peony":1,"minecraft:gold_block":1,"minecraft:bookshelf":1,"minecraft:deepslate_iron_ore":15,"minecraft:stripped_oak_log":1,"create:andesite_encased_large_cogwheel":2,"ae2:sky_stone_block":12,"minecraft:stone":393,"ae2:quartz_ore":9,"ad_astra:sky_stone":2,"minecraft:soul_sand":11,"yttr:gadolinite":68,"minecraft:basalt":3,"minecraft:dandelion":5,"minecraft:crafting_table":8,"minecraft:cornflower":1,"tconstruct:earth_slime_crystal_cluster":8,"vinery:cherry_log":6,"minecraft:copper_ore":32,"minecraft:tall_grass":5,"minecraft:lapis_ore":3,"minecraft:deepslate_gold_ore":47,"minecraft:diorite":187,"techreborn:tin_ore":22,"techreborn:ruby_ore":2,"create:gearbox":4,"minecraft:birch_leaves":1,"minecraft:coal_ore":82,"minecraft:gravel":71,"minecraft:dripstone_block":6,"ae2:deepslate_quartz_ore":11,"vinery:cherry_leaves":4,"minecraft:gold_ore":9},"minecraft:custom":{"lootr:looted_stat":22,"minecraft:interact_with_crafting_table":73,"minecraft:leave_game":17,"minecraft:time_since_death":639019,"minecraft:sprint_one_cm":700690,"minecraft:damage_blocked_by_shield":1355,"minecraft:drop":187,"minecraft:talked_to_villager":16,"minecraft:play_time":639019,"minecraft:jump":6080,"minecraft:walk_on_water_one_cm":83912,"minecraft:interact_with_furnace":135,"minecraft:traded_with_villager":8,"minecraft:sleep_in_bed":20,"minecraft:damage_dealt":46789,"minecraft:crouch_one_cm":52612,"minecraft:interact_with_smithing_table":3,"minecraft:horse_one_cm":1291191,"minecraft:mob_kills":308,"minecraft:climb_one_cm":2889,"minecraft:walk_one_cm":750904,"minecraft:sneak_time":29164,"minecraft:walk_under_water_one_cm":168774,"minecraft:boat_one_cm":52463,"minecraft:interact_with_blast_furnace":22,"minecraft:total_world_time":639019,"minecraft:time_since_rest":12344,"minecraft:damage_taken":7054,"minecraft:swim_one_cm":212882,"minecraft:fly_one_cm":1131686,"minecraft:open_chest":67,"minecraft:fall_one_cm":908667},"minecraft:picked_up":{"techreborn:advanced_alloy_ingot":2,"techreborn:raw_tin":22,"minecraft:iron_chestplate":2,"vinery:red_grape":38,"minecraft:wheat":30,"minecraft:lead":3,"vinery:red_grape_seeds":2,"vinery:cherry_log":6,"minecraft:potion":4,"minecraft:gilded_blackstone":12,"minecraft:brewing_stand":1,"minecraft:string":21,"minecraft:soul_soil":3,"minecraft:raw_copper":140,"minecraft:cooked_salmon":7,"minecraft:iron_leggings":1,"techreborn:galena_ore":29,"create:mechanical_press":1,"minecraft:gold_nugget":25,"minecraft:cobbled_deepslate":22,"minecraft:azalea":1,"minecraft:iron_pickaxe":3,"minecraft:coal_block":5,"minecraft:iron_boots":1,"minecraft:furnace":13,"minecraft:stick":22,"doodads:cactus_ring":2,"travelersbackpack:yellow_sleeping_bag":1,"minecraft:torch":9,"minecraft:acacia_log":1,"create:andesite_casing":5,"minecraft:porkchop":32,"minecraft:diorite":185,"ae2:sky_stone_block":9,"create:large_cogwheel":31,"minecraft:rotten_flesh":117,"ae2:fluix_block":8,"create:ochrum":12,"minecraft:polished_basalt":2,"doodads:shulker_aglet":1,"minecraft:blue_dye":1,"minecraft:cod":3,"minecraft:cobblestone":416,"minecraft:magma_block":24,"minecraft:feather":2,"minecraft:andesite":16,"minecraft:flint":19,"minecraft:tuff":9,"create:raw_zinc":11,"minecraft:lapis_lazuli":31,"minecraft:dirt":243,"travelersbackpack:bookshelf":1,"minecraft:glass":15,"minecraft:bone":44,"minecraft:bow":3,"minecraft:wheat_seeds":2,"minecraft:raw_gold":71,"ae2:logic_processor_press":1,"create:shaft":8,"minecraft:moss_block":1,"minecraft:oak_planks":9,"yttr:raw_gadolinite":87,"create:cogwheel":16,"ae2:certus_quartz_crystal":7,"techreborn:raw_lead":23,"minecraft:sand":63,"minecraft:ink_sac":8,"extractinator:silt":11,"minecraft:grass_block":5,"techreborn:sapphire_gem":12,"techreborn:red_garnet_gem":5,"techreborn:peridot_gem":4,"minecraft:diamond":18,"minecraft:granite":6,"minecraft:bone_meal":1,"minecraft:oak_sapling":25,"create:copper_sheet":14,"minecraft:crafting_table":8,"minecraft:azure_bluet":1,"minecraft:chicken":2,"minecraft:clay_ball":24,"minecraft:gold_block":1,"ae2:silicon_press":4,"ad_astra:sky_stone":2,"tconstruct:earth_slime_crystal":32,"minecraft:cornflower":1,"minecraft:iron_axe":1,"vinery:cherry_sapling":5,"minecraft:blackstone":4,"techreborn:raw_silver":21,"minecraft:beef":47,"vinery:cherry":1,"minecraft:iron_nugget":7,"minecraft:poppy":2,"minecraft:sugar_cane":120,"minecraft:chest":1,"minecraft:birch_sapling":2,"minecraft:egg":11,"minecraft:raw_iron":88,"create:golden_sheet":3,"minecraft:copper_ingot":12,"techreborn:ruby_gem":7,"minecraft:carrot":1,"minecraft:redstone":63,"create:vertical_gearbox":2,"minecraft:arrow":63,"tconstruct:grout":49,"minecraft:beetroot_seeds":3,"ae2:certus_quartz_dust":63,"minecraft:peony":1,"doodads:duct_tape":1,"vinery:white_grape_seeds":1,"minecraft:hay_block":4,"techreborn:bauxite_dust":2,"minecraft:saddle":1,"minecraft:gold_ingot":3,"ae2:calculation_processor_press":1,"minecraft:glow_berries":1,"minecraft:mutton":18,"extractinator:extractinator":1,"minecraft:rail":2,"minecraft:white_wool":13,"minecraft:oxeye_daisy":1,"doodads:slimey_shoes":1,"minecraft:stripped_oak_log":1,"doodads:glare_plushie":1,"create:iron_sheet":11,"minecraft:basalt":3,"minecraft:salmon":29,"minecraft:leather":26,"minecraft:oak_log":71,"minecraft:gunpowder":14,"naturalist:glow_goop":1,"tconstruct:seared_brick":48,"minecraft:apple":3,"farmersdelight:cooking_pot":1,"minecraft:iron_ingot":8,"minecraft:glass_bottle":3,"minecraft:iron_sword":2,"minecraft:soul_sand":11,"minecraft:book":3,"doodads:loggers_glove":2,"create:large_water_wheel":2,"minecraft:dandelion":5,"minecraft:raw_iron_block":1,"minecraft:dripstone_block":6,"minecraft:gravel":69,"doodads:sun_ring":1,"minecraft:blast_furnace":2,"minecraft:spider_eye":7,"create:gearbox":3,"minecraft:iron_helmet":1,"ae2:engineering_processor_press":1,"minecraft:damaged_anvil":1,"minecraft:coal":196,"minecraft:ender_pearl":1}},"DataVersion":2975}