{"stats":{"minecraft:dropped":{"minecraft:moss_block":2,"minecraft:dark_oak_stairs":4,"minecraft:orange_dye":2,"minecraft:oak_log":3,"minecraft:diamond":13,"doodads:beaver_teeth":2,"minecraft:glow_berries":11,"vinery:white_grape_seeds":1,"minecraft:leather":7,"minecraft:jungle_planks":6,"minecraft:cracked_stone_bricks":2,"travelersbackpack:standard":3,"minecraft:flint":4,"minecraft:emerald":14,"minecraft:dirt":130,"minecraft:dark_oak_log":13,"minecraft:mutton":1,"minecraft:cooked_cod":6,"minecraft:snowball":3,"minecraft:gold_nugget":78,"minecraft:gilded_blackstone":75,"minecraft:sand":6,"minecraft:iron_pickaxe":2,"ae2:silicon_press":1,"minecraft:dark_oak_planks":7,"minecraft:white_wool":2,"minecraft:bone":4,"minecraft:gold_ingot":17,"vinery:red_grape_seeds":3,"minecraft:gravel":4,"minecraft:blackstone":6,"minecraft:sugar_cane":16,"minecraft:iron_nugget":8,"simplyswords:iron_katana":1,"minecraft:cobbled_deepslate":53,"minecraft:birch_sapling":3,"vinery:cherry_sapling":1,"minecraft:rotten_flesh":10,"minecraft:oak_planks":34,"techreborn:tin_ingot":5,"doodads:loggers_glove":3,"minecraft:gunpowder":5,"minecraft:jungle_stairs":1,"minecraft:jungle_log":3,"minecraft:leather_leggings":1,"minecraft:spruce_slab":1,"minecraft:arrow":4,"minecraft:beef":2,"tconstruct:sky_slime_crystal":8,"minecraft:quartz":1,"minecraft:iron_ingot":47,"minecraft:enchanted_book":1,"minecraft:golden_boots":2,"minecraft:bread":16,"minecraft:oak_slab":3,"minecraft:wheat_seeds":18,"travelersbackpack:bookshelf":1,"minecraft:tnt":1,"minecraft:dripstone_block":12,"ae2:sky_stone_block":14,"minecraft:oak_fence":17,"minecraft:iron_helmet":1,"minecraft:cobblestone":2952,"minecraft:prismarine_crystals":5,"minecraft:apple":1,"minecraft:granite":12,"simplyswords:gold_greataxe":2,"minecraft:coal_block":314,"minecraft:coal":511,"techreborn:basic_machine_frame":3,"minecraft:stick":2,"ad_astra:sky_stone":9,"minecraft:gray_wool":6,"minecraft:blue_dye":1,"minecraft:diorite":7,"minecraft:torch":2,"minecraft:potion":1,"minecraft:iron_leggings":2,"minecraft:pumpkin":2,"minecraft:golden_hoe":1,"minecraft:iron_axe":1,"doodads:slimey_shoes":1,"minecraft:iron_shovel":1,"minecraft:string":2,"minecraft:bucket":1,"minecraft:redstone":9,"simplyswords:runic_cutlass":1,"minecraft:dandelion":4,"minecraft:smooth_basalt":11,"minecraft:tuff":39,"minecraft:raw_iron":8,"minecraft:clay_ball":124,"ae2:logic_processor_press":1,"doodads:speed_boots":2,"minecraft:filled_map":6,"minecraft:hay_block":12,"minecraft:diamond_pickaxe":1,"minecraft:iron_chestplate":2,"minecraft:andesite":30,"minecraft:oak_boat":1,"doodads:celestial_ring":2,"minecraft:oak_sapling":1,"minecraft:spider_eye":4,"simplyswords:iron_spear":1,"tconstruct:sky_slime_crystal_block":2,"minecraft:bow":1,"minecraft:wooden_pickaxe":1,"minecraft:music_disc_mellohi":1,"extractinator:silt":6,"minecraft:magma_block":11},"minecraft:used":{"blahaj:bread":5,"vinery:cherry_sapling":2,"minecraft:iron_shovel":4497,"minecraft:oak_sign":11,"minecraft:chest":27,"minecraft:iron_sword":66,"vinery:white_grape":2,"minecraft:rotten_flesh":6,"minecraft:iron_chestplate":2,"minecraft:mutton":13,"minecraft:carrot":27,"minecraft:allium":8,"minecraft:tuff":76,"minecraft:axolotl_bucket":2,"techreborn:rubber_planks":5,"minecraft:birch_sapling":1,"minecraft:iron_helmet":2,"farmersdelight:cutting_board":1,"minecraft:bow":18,"minecraft:oak_sapling":11,"minecraft:cooked_cod":18,"minecraft:furnace":6,"minecraft:egg":25,"minecraft:potato":8,"simplyswords:iron_spear":214,"minecraft:dark_oak_stairs":2,"minecraft:damaged_anvil":1,"minecraft:diorite":4,"minecraft:leather_leggings":2,"simplyswords:gold_greataxe":24,"minecraft:stone_pickaxe":398,"minecraft:oak_planks":63,"minecraft:wooden_pickaxe":76,"minecraft:redstone_block":1,"minecraft:glow_berries":5,"minecraft:white_wool":3,"minecraft:golden_hoe":8,"minecraft:sand":5,"minecraft:crossbow":3,"minecraft:bread":130,"minecraft:wooden_sword":26,"minecraft:grindstone":1,"minecraft:smithing_table":1,"minecraft:andesite":11,"minecraft:oak_boat":2,"minecraft:bone_meal":17,"minecraft:oak_fence":4,"minecraft:cobweb":4,"minecraft:stone_sword":50,"minecraft:experience_bottle":1,"vinery:cherry_boat":8,"simplyswords:iron_cutlass":17,"minecraft:enchanting_table":1,"minecraft:stone_shovel":166,"techreborn:iron_furnace":4,"tconstruct:skyroot_log":4,"minecraft:cooked_salmon":4,"travelersbackpack:bat":2,"minecraft:oak_door":5,"minecraft:torch":12,"minecraft:dirt":3008,"minecraft:hopper":13,"simplyswords:iron_katana":15,"minecraft:granite":7,"minecraft:wooden_axe":1,"beautify:birch_trellis":1,"minecraft:iron_axe":315,"simplyswords:runic_cutlass":107,"ae2:sky_stone_block":12,"extractinator:extractinator":1,"minecraft:smooth_basalt":16,"minecraft:basalt":5,"doodads:glare_staff":107,"minecraft:cooked_beef":2,"minecraft:golden_axe":1,"vinery:red_grape":1,"minecraft:cobbled_deepslate":65,"minecraft:iron_leggings":1,"vinery:cherry_planks":2,"minecraft:water_bucket":9,"minecraft:cobblestone_stairs":1,"minecraft:baked_potato":96,"minecraft:cobblestone_slab":3,"minecraft:gilded_blackstone":5,"minecraft:waxed_exposed_copper":4,"farmersdelight:onion":10,"minecraft:rail":3,"minecraft:crafting_table":25,"minecraft:oak_slab":6,"minecraft:white_bed":8,"techreborn:rubber_sapling":4,"minecraft:spruce_log":17,"tconstruct:sky_slime_dirt":1,"minecraft:oak_log":6,"minecraft:diamond_pickaxe":5566,"minecraft:apple":5,"minecraft:oxeye_daisy":1,"travelersbackpack:bookshelf":8,"minecraft:iron_pickaxe":1084,"beautify:bookstack":1,"minecraft:spruce_sapling":12,"minecraft:stone_axe":58,"ad_astra:sky_stone":4,"minecraft:cobblestone":37,"travelersbackpack:standard":48,"minecraft:porkchop":5,"vinery:cherry":1,"minecraft:bucket":14,"tconstruct:sky_slime_crystal_block":1,"minecraft:yellow_bed":3,"minecraft:dandelion":13},"minecraft:broken":{"minecraft:iron_shovel":17,"minecraft:stone_pickaxe":2,"minecraft:diamond_pickaxe":1,"minecraft:stone_shovel":1,"minecraft:wooden_pickaxe":1,"minecraft:iron_pickaxe":4},"minecraft:crafted":{"minecraft:grindstone":1,"minecraft:oak_planks":492,"minecraft:oak_sign":6,"minecraft:stone":3,"vinery:cherry_planks":28,"minecraft:hopper":12,"minecraft:bow":2,"minecraft:chest":37,"minecraft:oak_slab":6,"travelersbackpack:bookshelf":1,"minecraft:crafting_table":10,"minecraft:spruce_planks":4,"travelersbackpack:standard":2,"minecraft:baked_potato":32,"minecraft:wooden_pickaxe":3,"beautify:bookstack":1,"minecraft:smithing_table":1,"tconstruct:sky_slime_sling":1,"blahaj:bread":1,"farmersdelight:cutting_board":1,"minecraft:book":6,"minecraft:yellow_dye":4,"minecraft:paper":15,"minecraft:diamond_pickaxe":3,"minecraft:stone_slab":6,"minecraft:stick":52,"vinery:grass_slab":1,"minecraft:iron_ingot":26,"minecraft:iron_pickaxe":6,"minecraft:stone_sword":1,"minecraft:gold_ingot":47,"minecraft:shears":1,"techreborn:rubber_planks":20,"minecraft:wooden_sword":1,"minecraft:oak_door":3,"tconstruct:pattern":12,"minecraft:coal":511,"minecraft:stone_shovel":2,"minecraft:tripwire_hook":2,"minecraft:furnace":5,"minecraft:bone_meal":30,"minecraft:orange_wool":6,"vinery:coarse_dirt_slab":1,"travelersbackpack:white_sleeping_bag":1,"minecraft:iron_axe":3,"vinery:cherry_boat":4,"techreborn:tin_ingot":1,"minecraft:stone_pickaxe":5,"minecraft:redstone_block":2,"minecraft:wheat":217,"minecraft:red_dye":4,"techreborn:iron_furnace":1,"minecraft:crossbow":1,"minecraft:enchanting_table":1,"minecraft:iron_sword":1,"ae2:smooth_sky_stone_block":16,"minecraft:bucket":3,"minecraft:stone_axe":1,"minecraft:orange_dye":8,"tconstruct:sky_congealed_slime":2,"minecraft:bread":75,"minecraft:air":0,"minecraft:blue_dye":1,"minecraft:oak_boat":1,"minecraft:wooden_axe":1,"minecraft:iron_shovel":17,"minecraft:white_bed":2,"vinery:old_cherry_sapling":1,"minecraft:torch":12},"minecraft:killed":{"minecraft:cave_spider":6,"minecraft:spider":14,"tconstruct:sky_slime":16,"minecraft:skeleton":26,"minecraft:pig":3,"minecraft:zombie_villager":4,"minecraft:creeper":10,"minecraft:sheep":14,"minecraft:zombie":56,"minecraft:cow":7,"minecraft:phantom":1,"naturalist:coral_snake":2,"minecraft:horse":6,"minecraft:drowned":1,"minecraft:rabbit":2},"minecraft:mined":{"minecraft:dark_oak_planks":6,"techreborn:iron_furnace":3,"minecraft:spruce_planks":5,"minecraft:oak_sapling":1,"minecraft:white_bed":7,"minecraft:jungle_slab":4,"minecraft:cobblestone_stairs":1,"tconstruct:sky_slime_crystal_block":25,"minecraft:jungle_leaves":38,"minecraft:obsidian":5,"minecraft:granite":22,"minecraft:grass_block":3496,"minecraft:jungle_log":1,"minecraft:coal_block":388,"minecraft:hopper":1,"minecraft:oak_wall_sign":4,"yttr:deepslate_gadolinite":10,"minecraft:spawner":4,"minecraft:gilded_blackstone":120,"minecraft:magma_block":140,"minecraft:iron_ore":79,"minecraft:cobbled_deepslate":17,"minecraft:pumpkin":3,"minecraft:dark_oak_stairs":4,"minecraft:oak_sign":2,"minecraft:oak_stairs":5,"tconstruct:sky_slime_fern":1,"minecraft:waxed_exposed_copper":4,"create:veridium":20,"create:limestone":15,"minecraft:spruce_slab":3,"ae2:fluix_block":15,"minecraft:deepslate_redstone_ore":4,"techreborn:deepslate_bauxite_ore":1,"beautify:lamp_candleabra":1,"ae2:sky_stone_chest":2,"minecraft:blackstone":13,"minecraft:smoker":1,"minecraft:amethyst_cluster":2,"minecraft:clay":72,"minecraft:powder_snow":9,"blahaj:bread":3,"minecraft:jungle_stairs":2,"minecraft:blast_furnace":1,"vinery:red_grape_bush":1,"minecraft:poppy":4,"minecraft:calcite":2,"minecraft:chest":3,"yttr:brookite_ore":1,"minecraft:cobblestone":16,"doodads:glare_light":64,"minecraft:oak_planks":55,"minecraft:sugar_cane":28,"extractinator:silt":6,"minecraft:damaged_anvil":2,"tconstruct:large_earth_slime_crystal_bud":2,"minecraft:seagrass":1,"tconstruct:budding_sky_slime_crystal":3,"minecraft:light_blue_terracotta":1,"minecraft:birch_log":31,"minecraft:jukebox":1,"tconstruct:earth_slime_dirt":1,"minecraft:grass":228,"tconstruct:earth_sky_slime_grass":1,"minecraft:oak_log":255,"minecraft:sand":35,"minecraft:dirt":1193,"minecraft:smooth_basalt":17,"minecraft:netherrack":5,"create:crimsite":8,"minecraft:oak_leaves":114,"minecraft:deepslate":607,"minecraft:diamond_ore":1,"techreborn:sapphire_ore":4,"minecraft:tuff":168,"minecraft:dark_oak_leaves":5,"minecraft:mossy_cobblestone":3,"minecraft:deepslate_diamond_ore":8,"minecraft:oak_door":1,"extractinator:extractinator":1,"farmersdelight:wild_carrots":29,"minecraft:dark_oak_log":2,"tconstruct:earth_slime_crystal_block":2,"minecraft:jungle_planks":11,"minecraft:spruce_leaves":35,"techreborn:bauxite_ore":2,"minecraft:sandstone":2,"tconstruct:large_sky_slime_crystal_bud":1,"minecraft:moss_block":1,"vinery:old_cherry_log":10,"tconstruct:sky_slime_crystal_cluster":4,"minecraft:hay_block":25,"farmersdelight:wild_onions":14,"minecraft:spruce_sapling":4,"minecraft:furnace":2,"tconstruct:sky_earth_slime_grass":32,"minecraft:polished_basalt":51,"minecraft:snow":3,"tconstruct:budding_earth_slime_crystal":1,"minecraft:andesite":45,"minecraft:gold_block":5,"yttr:deepslate_brookite_ore":4,"minecraft:cobblestone_slab":2,"minecraft:deepslate_iron_ore":2,"minecraft:vine":4,"minecraft:stripped_oak_log":5,"minecraft:packed_ice":15,"ae2:sky_stone_block":36,"tconstruct:earth_congealed_slime":35,"ae2:quartz_ore":11,"minecraft:stone":4638,"ad_astra:sky_stone":63,"minecraft:white_wool":3,"minecraft:smithing_table":1,"minecraft:oak_slab":4,"beautify:bookstack":1,"tconstruct:sky_slime_tall_grass":2,"minecraft:flowering_azalea":1,"minecraft:redstone_block":1,"techreborn:deepslate_silver_ore":13,"yttr:gadolinite":3,"minecraft:lily_of_the_valley":7,"minecraft:basalt":67,"minecraft:dandelion":15,"travelersbackpack:standard":7,"minecraft:oak_fence":16,"minecraft:crafting_table":17,"minecraft:cornflower":1,"minecraft:cobbled_deepslate_wall":1,"tconstruct:earth_slime_crystal_cluster":12,"vinery:cherry_log":13,"minecraft:copper_ore":14,"minecraft:tall_grass":34,"minecraft:lapis_ore":14,"farmersdelight:wild_tomatoes":2,"vinery:cherry_planks":2,"minecraft:diorite":15,"techreborn:tin_ore":8,"minecraft:spruce_stairs":3,"techreborn:rubber_leaves":3,"techreborn:ruby_ore":2,"minecraft:ice":2,"minecraft:birch_leaves":3,"minecraft:spruce_log":317,"minecraft:jungle_fence":1,"tconstruct:skyroot_log":32,"minecraft:yellow_bed":4,"minecraft:coal_ore":283,"minecraft:cocoa":1,"minecraft:gravel":10,"minecraft:cobweb":99,"minecraft:cracked_stone_bricks":1,"ae2:deepslate_quartz_ore":3,"vinery:cherry_leaves":4,"beautify:birch_trellis":1,"techreborn:rubber_log":31,"tconstruct:sky_congealed_slime":3,"minecraft:fern":2},"minecraft:killed_by":{"tconstruct:sky_slime":1},"minecraft:custom":{"lootr:looted_stat":73,"minecraft:interact_with_crafting_table":129,"minecraft:leave_game":43,"minecraft:time_since_death":118485,"minecraft:sprint_one_cm":3461156,"minecraft:drop":284,"minecraft:talked_to_villager":7,"minecraft:play_time":1563315,"minecraft:deaths":5,"minecraft:jump":28711,"minecraft:interact_with_brewingstand":1,"minecraft:walk_on_water_one_cm":121145,"minecraft:enchant_item":7,"minecraft:interact_with_furnace":70,"minecraft:traded_with_villager":3,"minecraft:sleep_in_bed":59,"minecraft:damage_dealt":27610,"minecraft:crouch_one_cm":52433,"minecraft:interact_with_smoker":1,"minecraft:interact_with_smithing_table":3,"minecraft:horse_one_cm":1820,"minecraft:interact_with_anvil":1,"minecraft:mob_kills":171,"minecraft:inspect_hopper":19,"minecraft:climb_one_cm":8460,"minecraft:walk_one_cm":2507600,"minecraft:sneak_time":26414,"minecraft:walk_under_water_one_cm":96730,"minecraft:boat_one_cm":261438,"minecraft:interact_with_blast_furnace":2,"minecraft:total_world_time":1563315,"minecraft:interact_with_grindstone":7,"minecraft:time_since_rest":40154,"minecraft:damage_taken":8627,"minecraft:damage_absorbed":39,"minecraft:swim_one_cm":757913,"minecraft:fly_one_cm":6106477,"minecraft:open_chest":597,"minecraft:fall_one_cm":1548455},"minecraft:picked_up":{"techreborn:raw_tin":12,"minecraft:iron_chestplate":3,"vinery:red_grape":4,"minecraft:wheat":8,"beautify:lamp_candleabra":1,"minecraft:redstone_block":1,"techreborn:iron_furnace":2,"minecraft:smithing_table":1,"doodads:speed_boots":2,"vinery:red_grape_seeds":12,"vinery:cherry_log":13,"minecraft:gilded_blackstone":114,"simplyswords:gold_greataxe":1,"minecraft:string":75,"tconstruct:earth_slime_dirt":32,"minecraft:raw_copper":50,"create:limestone":13,"minecraft:iron_leggings":2,"minecraft:oak_sign":8,"minecraft:gold_nugget":117,"minecraft:cobbled_deepslate":437,"minecraft:cobblestone_slab":3,"minecraft:azalea":1,"minecraft:calcite":1,"techreborn:rubber_log":31,"minecraft:iron_pickaxe":1,"minecraft:coal_block":691,"vinery:cherry_planks":2,"minecraft:furnace":2,"vinery:old_cherry_log":10,"minecraft:stick":119,"minecraft:jukebox":1,"minecraft:oak_fence":36,"minecraft:torch":3,"minecraft:porkchop":6,"minecraft:diorite":13,"techreborn:basic_machine_frame":2,"ae2:sky_stone_block":33,"tconstruct:sky_slime_crystal":16,"minecraft:rotten_flesh":35,"farmersdelight:onion":14,"farmersdelight:tree_bark":46,"ae2:fluix_block":10,"minecraft:polished_basalt":50,"tconstruct:earth_slime_crystal_block":1,"create:veridium":12,"yttr:brookite":5,"minecraft:obsidian":4,"minecraft:snowball":3,"minecraft:cobblestone":7511,"minecraft:birch_log":31,"minecraft:magma_block":75,"minecraft:andesite":41,"minecraft:jungle_log":3,"minecraft:smoker":1,"techreborn:tin_ingot":4,"minecraft:flint":4,"minecraft:tuff":144,"minecraft:lapis_lazuli":87,"minecraft:dirt":4747,"travelersbackpack:bookshelf":1,"minecraft:bone":15,"travelersbackpack:backpack_tank":2,"minecraft:bow":4,"minecraft:wheat_seeds":50,"minecraft:raw_gold":2,"minecraft:rabbit":1,"minecraft:moss_block":1,"tconstruct:sky_slime_sapling":7,"minecraft:oak_planks":74,"minecraft:waxed_exposed_copper":4,"yttr:raw_gadolinite":12,"ae2:certus_quartz_crystal":1,"techreborn:raw_lead":1,"vinery:white_grape":12,"minecraft:sand":34,"minecraft:jungle_planks":15,"extractinator:silt":6,"minecraft:lily_of_the_valley":7,"minecraft:jungle_slab":3,"minecraft:dark_oak_log":13,"techreborn:sapphire_gem":10,"techreborn:rubber_sapling":12,"techreborn:red_garnet_gem":2,"minecraft:mossy_cobblestone":1,"techreborn:bauxite_ore":2,"techreborn:peridot_gem":1,"create:crimsite":8,"minecraft:diamond":9,"minecraft:granite":22,"minecraft:emerald":13,"minecraft:oak_sapling":111,"minecraft:diamond_pickaxe":1,"minecraft:cocoa_beans":3,"minecraft:crafting_table":17,"minecraft:allium":31,"minecraft:clay_ball":188,"minecraft:leather_leggings":1,"tconstruct:skyroot_log":32,"vinery:cherry_boat":5,"minecraft:gold_block":5,"ad_astra:sky_stone":29,"tconstruct:earth_slime_crystal":50,"minecraft:cornflower":1,"vinery:cherry_sapling":3,"minecraft:blackstone":7,"techreborn:raw_silver":13,"minecraft:cracked_stone_bricks":2,"minecraft:beef":12,"minecraft:oak_boat":2,"vinery:cherry":1,"minecraft:iron_nugget":8,"minecraft:poppy":4,"minecraft:spruce_slab":1,"minecraft:sugar_cane":66,"minecraft:chest":3,"minecraft:birch_sapling":20,"minecraft:egg":26,"minecraft:raw_iron":96,"minecraft:oak_door":2,"beautify:birch_trellis":1,"techreborn:ruby_gem":2,"farmersdelight:tomato_seeds":2,"tconstruct:sky_slime_dirt":1,"minecraft:carrot":41,"minecraft:redstone":25,"minecraft:dark_oak_planks":7,"tconstruct:sky_slime_ball":27,"minecraft:arrow":23,"minecraft:golden_hoe":1,"ae2:certus_quartz_dust":54,"minecraft:jungle_stairs":2,"vinery:white_grape_seeds":5,"minecraft:hay_block":37,"minecraft:gold_ingot":17,"techreborn:bauxite_dust":1,"minecraft:mutton":14,"extractinator:extractinator":1,"minecraft:rail":3,"minecraft:white_wool":20,"minecraft:oxeye_daisy":1,"minecraft:stripped_oak_log":51,"doodads:glare_plushie":1,"minecraft:basalt":58,"minecraft:leather":11,"minecraft:filled_map":3,"minecraft:oak_log":257,"minecraft:golden_boots":2,"minecraft:yellow_bed":3,"minecraft:gunpowder":10,"minecraft:cobblestone_stairs":1,"doodads:paintbrush":1,"doodads:beaver_teeth":2,"tconstruct:sky_slime_crystal_block":21,"techreborn:galena_dust":1,"minecraft:apple":15,"doodads:celestial_ring":2,"minecraft:iron_ingot":34,"blahaj:bread":4,"techreborn:deepslate_bauxite_ore":1,"minecraft:dark_oak_stairs":6,"minecraft:oak_slab":6,"minecraft:smooth_basalt":27,"doodads:loggers_glove":2,"beautify:bookstack":1,"minecraft:pumpkin":3,"minecraft:quartz":3,"minecraft:dandelion":21,"minecraft:dripstone_block":12,"minecraft:gravel":7,"minecraft:amethyst_shard":8,"minecraft:spruce_sapling":48,"minecraft:blast_furnace":1,"minecraft:white_bed":7,"minecraft:spruce_log":297,"minecraft:spider_eye":6,"travelersbackpack:standard":9,"minecraft:slime_ball":140,"minecraft:iron_helmet":1,"minecraft:gray_wool":6,"ae2:engineering_processor_press":1,"minecraft:baked_potato":64,"minecraft:damaged_anvil":2,"minecraft:coal":796,"minecraft:hopper":1}},"DataVersion":2975}