{"stats":{"minecraft:dropped":{"minecraft:iron_sword":3,"minecraft:glass_bottle":5,"minecraft:diamond":1,"minecraft:dark_oak_slab":5,"minecraft:crossbow":1,"vinery:white_grape_seeds":8,"techreborn:rubber_sapling":6,"minecraft:dirt":502,"minecraft:grass":3,"techreborn:raw_tin":2,"minecraft:gold_nugget":13,"minecraft:iron_pickaxe":4,"travelersbackpack:backpack_tank":2,"minecraft:bone":14,"minecraft:iron_nugget":4,"create:oak_window_pane":6,"minecraft:cobbled_deepslate":13,"minecraft:birch_sapling":3,"minecraft:wheat":2,"minecraft:rotten_flesh":77,"minecraft:salmon":4,"techreborn:tin_ingot":3,"minecraft:ladder":2,"doodads:glare_staff":1,"minecraft:egg":2,"minecraft:birch_leaves":12,"minecraft:wheat_seeds":185,"farmersdelight:skillet":2,"minecraft:cobblestone":113,"minecraft:oak_fence":1,"minecraft:iron_helmet":1,"minecraft:feather":7,"minecraft:apple":1,"minecraft:granite":17,"minecraft:coal":5,"ad_astra:sky_stone":4,"techreborn:rubber_log":4,"minecraft:ink_sac":6,"minecraft:string":33,"minecraft:chicken":1,"minecraft:iron_boots":2,"techreborn:lead_ingot":1,"minecraft:oak_sign":1,"minecraft:stone":10,"minecraft:spruce_planks":64,"minecraft:spider_eye":15,"minecraft:bow":3,"ae2:certus_quartz_crystal":2,"minecraft:soul_sand":6,"minecraft:baked_potato":64,"techreborn:advanced_alloy_ingot":15,"minecraft:jungle_planks":4,"travelersbackpack:standard":2,"farmersdelight:rice":4,"minecraft:mutton":3,"minecraft:gilded_blackstone":9,"ae2:silicon_press":2,"vinery:red_grape_seeds":5,"minecraft:gravel":1,"minecraft:white_tulip":1,"minecraft:carrot":2,"minecraft:poppy":1,"minecraft:rabbit_hide":1,"minecraft:gunpowder":21,"doodads:loggers_glove":1,"minecraft:chest":1,"minecraft:basalt":3,"minecraft:oak_leaves":1,"travelersbackpack:bookshelf":2,"minecraft:mossy_cobblestone":7,"techreborn:raw_lead":3,"minecraft:grass_block":1,"minecraft:stick":44,"minecraft:diorite":6,"minecraft:torch":1,"farmersdelight:cooking_pot":1,"minecraft:iron_axe":1,"minecraft:smooth_basalt":10,"minecraft:tuff":59,"minecraft:stripped_oak_log":1,"doodads:cactus_ring":1,"minecraft:filled_map":4,"minecraft:andesite":10,"minecraft:oak_sapling":1,"ae2:certus_quartz_dust":5,"minecraft:wooden_pickaxe":1},"minecraft:used":{"minecraft:moss_block":1,"minecraft:spruce_slab":263,"minecraft:poppy":3,"minecraft:ladder":9,"minecraft:chest":25,"create:oak_window_pane":29,"minecraft:stone":148,"create:oak_window":2,"minecraft:rotten_flesh":1,"minecraft:brick_slab":5,"minecraft:allium":21,"minecraft:stripped_spruce_log":13,"simplyswords:runic_chakram":97,"techreborn:rubber_planks":20,"minecraft:grass_block":1,"minecraft:birch_sapling":14,"minecraft:music_disc_chirp":1,"minecraft:dark_oak_slab":63,"minecraft:bow":53,"minecraft:oak_sapling":58,"minecraft:furnace":6,"naturalist:teddy_bear":1,"minecraft:potato":256,"vinery:white_grape_seeds":19,"minecraft:diorite":1,"minecraft:leather_leggings":1,"minecraft:brick_wall":2,"minecraft:spruce_door":6,"minecraft:orange_tulip":1,"minecraft:wooden_pickaxe":27,"minecraft:oak_leaves":100,"minecraft:glow_berries":36,"minecraft:blast_furnace":1,"minecraft:pumpkin_seeds":14,"minecraft:birch_slab":6,"minecraft:lectern":1,"minecraft:flowering_azalea_leaves":22,"minecraft:lilac":8,"minecraft:wooden_sword":2,"minecraft:smithing_table":1,"minecraft:poisonous_potato":1,"tconstruct:earth_slime_dirt":9,"minecraft:oak_trapdoor":29,"minecraft:stone_sword":107,"minecraft:armor_stand":2,"create:veridium":23,"minecraft:torch":260,"minecraft:brewing_stand":1,"minecraft:anvil":1,"minecraft:stone_stairs":2,"minecraft:oak_fence_gate":7,"ae2:fluix_block":1,"minecraft:iron_axe":1172,"minecraft:brick_stairs":8,"ae2:sky_stone_block":2,"extractinator:extractinator":2,"minecraft:barrel":18,"minecraft:melon_seeds":6,"doodads:glare_staff":101,"farmersdelight:cooking_pot":2,"farmersdelight:tomato_seeds":24,"minecraft:cobbled_deepslate":57,"vinery:red_grape":9,"minecraft:wheat_seeds":274,"minecraft:water_bucket":40,"minecraft:birch_planks":352,"minecraft:cartography_table":1,"vinery:cherry_leaves":79,"minecraft:spruce_fence_gate":16,"minecraft:gilded_blackstone":18,"minecraft:oak_slab":34,"minecraft:crafting_table":31,"minecraft:birch_sign":3,"minecraft:white_bed":10,"techreborn:rubber_sapling":3,"minecraft:spruce_log":89,"minecraft:oak_log":155,"minecraft:cornflower":4,"minecraft:oxeye_daisy":2,"minecraft:sunflower":5,"minecraft:iron_pickaxe":1817,"minecraft:spruce_trapdoor":96,"minecraft:spruce_sapling":9,"simplyswords:gold_cutlass":3,"minecraft:cobblestone":93,"minecraft:potion":1,"travelersbackpack:standard":24,"minecraft:purple_bed":2,"minecraft:cooked_porkchop":7,"minecraft:andesite_stairs":17,"minecraft:glass_pane":20,"minecraft:black_candle":4,"minecraft:dandelion":7,"minecraft:jukebox":1,"minecraft:iron_shovel":913,"minecraft:melon":1,"minecraft:shield":47,"minecraft:iron_sword":597,"minecraft:iron_chestplate":3,"minecraft:carrot":170,"minecraft:tuff":4,"minecraft:music_disc_13":1,"minecraft:glass":68,"cookingforblockheads:fridge":3,"minecraft:bricks":39,"minecraft:lantern":48,"minecraft:iron_helmet":3,"minecraft:stone_bricks":15,"minecraft:hay_block":13,"minecraft:skeleton_skull":1,"minecraft:dark_oak_sapling":6,"minecraft:dark_oak_stairs":107,"minecraft:birch_leaves":35,"minecraft:stone_pickaxe":235,"minecraft:oak_planks":374,"beautify:hanging_pot":11,"minecraft:sugar_cane":16,"minecraft:crossbow":1,"minecraft:stone_brick_wall":23,"minecraft:shears":332,"minecraft:cobbled_deepslate_stairs":77,"minecraft:bread":133,"minecraft:string":19,"minecraft:gravel":1,"minecraft:grindstone":1,"farmersdelight:wild_tomatoes":4,"minecraft:andesite":8,"minecraft:chain":5,"minecraft:bone_meal":37,"minecraft:oak_fence":46,"minecraft:rose_bush":4,"minecraft:white_tulip":1,"minecraft:stone_shovel":139,"vinery:cherry_boat":2,"minecraft:spruce_planks":119,"minecraft:cooked_chicken":3,"minecraft:oak_door":3,"minecraft:dirt":1445,"minecraft:spruce_stairs":182,"minecraft:cobblestone_wall":4,"minecraft:spruce_fence":64,"minecraft:granite":2,"minecraft:birch_door":1,"minecraft:iron_hoe":423,"minecraft:stone_brick_slab":13,"minecraft:dark_oak_planks":138,"beautify:birch_trellis":10,"minecraft:bookshelf":5,"minecraft:oak_stairs":152,"minecraft:iron_boots":2,"minecraft:cooked_beef":4,"another_furniture:oak_drawer":3,"minecraft:iron_leggings":2,"minecraft:cobbled_deepslate_wall":3,"minecraft:cobblestone_stairs":2,"minecraft:glass_bottle":2,"minecraft:baked_potato":221,"minecraft:andesite_slab":12,"minecraft:cobblestone_slab":6,"minecraft:glow_item_frame":2,"farmersdelight:onion":104,"minecraft:music_disc_cat":1,"simplyswords:runic_spear":172,"minecraft:dark_oak_door":4,"minecraft:stone_slab":5,"simplyswords:iron_sai":8,"create:birch_window_pane":4,"minecraft:stone_axe":135,"minecraft:cobbled_deepslate_slab":84,"minecraft:white_banner":1,"minecraft:bucket":49,"vinery:red_grape_seeds":20,"minecraft:birch_stairs":18},"minecraft:broken":{"minecraft:shears":1,"minecraft:iron_boots":1,"minecraft:iron_chestplate":2,"minecraft:iron_leggings":2,"minecraft:iron_sword":1,"minecraft:iron_hoe":1,"minecraft:iron_axe":3,"minecraft:iron_pickaxe":7,"minecraft:iron_helmet":2,"minecraft:iron_shovel":3,"minecraft:stone_pickaxe":1,"minecraft:stone_axe":1,"minecraft:stone_shovel":1},"minecraft:crafted":{"minecraft:smooth_stone":3,"minecraft:purple_bed":2,"minecraft:melon":1,"minecraft:chain":8,"minecraft:brick_wall":6,"minecraft:birch_slab":6,"minecraft:bookshelf":5,"minecraft:cooked_mutton":6,"minecraft:glass":86,"minecraft:melon_seeds":6,"minecraft:iron_door":3,"minecraft:birch_door":3,"minecraft:cooked_rabbit":1,"minecraft:glass_bottle":3,"naturalist:teddy_bear":1,"minecraft:cooked_porkchop":11,"minecraft:glow_item_frame":2,"travelersbackpack:standard":4,"minecraft:spruce_door":3,"minecraft:cobbled_deepslate_wall":6,"minecraft:hay_block":7,"minecraft:stone_slab":30,"minecraft:iron_pickaxe":6,"minecraft:iron_block":3,"minecraft:gold_ingot":76,"minecraft:spruce_fence_gate":12,"another_furniture:oak_drawer":3,"minecraft:birch_stairs":8,"minecraft:stone_shovel":1,"minecraft:smooth_stone_slab":6,"minecraft:iron_nugget":378,"minecraft:brick_stairs":12,"minecraft:spruce_fence":57,"travelersbackpack:blank_upgrade":4,"travelersbackpack:gold_tier_upgrade":1,"minecraft:stone_stairs":4,"minecraft:lantern":45,"minecraft:spruce_stairs":144,"travelersbackpack:white_sleeping_bag":1,"minecraft:ladder":12,"techreborn:tin_ingot":5,"minecraft:spruce_slab":228,"minecraft:stone_pickaxe":2,"minecraft:cobbled_deepslate_stairs":48,"minecraft:dark_oak_planks":392,"minecraft:brick_slab":12,"minecraft:wheat":504,"minecraft:jungle_slab":36,"minecraft:oak_fence_gate":8,"minecraft:andesite_slab":12,"minecraft:oak_stairs":148,"minecraft:iron_shovel":4,"minecraft:iron_leggings":2,"minecraft:armor_stand":1,"create:oak_window_pane":32,"minecraft:brick":300,"minecraft:grindstone":1,"minecraft:oak_planks":824,"minecraft:cobblestone_slab":6,"minecraft:barrel":18,"naturalist:cooked_venison":1,"create:birch_window":6,"minecraft:cooked_chicken":6,"minecraft:cobblestone_stairs":4,"minecraft:stone":288,"cookingforblockheads:fridge":1,"minecraft:dark_oak_door":3,"minecraft:stone_brick_slab":12,"minecraft:iron_boots":3,"minecraft:chest":20,"minecraft:bricks":66,"minecraft:stone_bricks":56,"minecraft:oak_fence":39,"minecraft:oak_slab":30,"minecraft:item_frame":2,"travelersbackpack:iron_tier_upgrade":1,"minecraft:crafting_table":8,"minecraft:spruce_planks":804,"minecraft:wooden_pickaxe":1,"minecraft:baked_potato":436,"minecraft:iron_helmet":3,"minecraft:birch_planks":472,"minecraft:pumpkin_seeds":48,"minecraft:spruce_trapdoor":74,"minecraft:dark_oak_slab":72,"minecraft:iron_chestplate":2,"minecraft:purple_dye":2,"minecraft:shield":1,"minecraft:stick":276,"minecraft:iron_ingot":207,"minecraft:andesite_stairs":24,"minecraft:stone_sword":1,"minecraft:shears":2,"techreborn:rubber_planks":40,"minecraft:wooden_sword":1,"minecraft:cobbled_deepslate_slab":48,"minecraft:oak_door":3,"minecraft:coal":126,"minecraft:stone_brick_wall":24,"minecraft:furnace":4,"minecraft:jungle_trapdoor":2,"create:oak_window":16,"minecraft:oak_trapdoor":26,"minecraft:glass_pane":32,"minecraft:iron_axe":5,"minecraft:iron_hoe":2,"minecraft:cobblestone_wall":6,"minecraft:birch_sign":3,"travelersbackpack:diamond_tier_upgrade":1,"minecraft:cooked_beef":36,"minecraft:red_dye":1,"minecraft:dark_oak_stairs":104,"travelersbackpack:backpack_tank":6,"minecraft:iron_sword":2,"vinery:white_grape_seeds":1,"minecraft:bucket":5,"create:birch_window_pane":16,"minecraft:air":0,"minecraft:bread":215,"minecraft:jungle_planks":76,"minecraft:blue_dye":1,"minecraft:anvil":1,"vinery:old_cherry_sapling":1,"minecraft:torch":224},"minecraft:killed":{"minecraft:cave_spider":7,"minecraft:skeleton":68,"minecraft:chicken":6,"minecraft:salmon":17,"minecraft:pillager":18,"minecraft:zombie":127,"minecraft:cow":15,"minecraft:vindicator":4,"naturalist:deer":1,"minecraft:rabbit":2,"minecraft:ravager":1,"minecraft:enderman":11,"minecraft:witch":4,"minecraft:spider":40,"minecraft:pig":5,"minecraft:zombie_villager":1,"minecraft:creeper":47,"minecraft:sheep":2,"minecraft:slime":16,"minecraft:drowned":1,"vinery:wandering_winemaker":1,"minecraft:bat":3},"minecraft:mined":{"minecraft:dark_oak_planks":5,"minecraft:white_bed":12,"minecraft:jungle_leaves":1,"minecraft:granite":23,"minecraft:stone_brick_wall":2,"minecraft:jungle_log":19,"minecraft:coal_block":49,"minecraft:oak_wall_sign":2,"minecraft:oxeye_daisy":2,"yttr:deepslate_gadolinite":4,"minecraft:spawner":5,"minecraft:tall_seagrass":1,"minecraft:magma_block":4,"minecraft:cobbled_deepslate":23,"minecraft:pumpkin":42,"minecraft:deepslate_lapis_ore":12,"minecraft:cave_vines":14,"minecraft:dirt_path":3,"minecraft:oak_stairs":30,"create:veridium":18,"minecraft:tripwire":4,"minecraft:brown_mushroom":17,"minecraft:soul_fire":8,"minecraft:amethyst_cluster":4,"beautify:hanging_pot":4,"minecraft:blast_furnace":1,"vinery:red_grape_bush":30,"minecraft:melon":14,"minecraft:dead_bush":1,"minecraft:glass":9,"create:birch_window_pane":4,"minecraft:sugar_cane":20,"minecraft:bricks":11,"minecraft:skeleton_skull":1,"minecraft:chain":2,"minecraft:wheat":201,"minecraft:lilac":5,"minecraft:jukebox":1,"tconstruct:earth_slime_dirt":7,"minecraft:pumpkin_stem":2,"minecraft:birch_door":1,"minecraft:grass":415,"minecraft:dark_oak_sapling":1,"minecraft:smooth_basalt":8,"minecraft:deepslate":179,"minecraft:attached_pumpkin_stem":5,"minecraft:mossy_cobblestone":8,"extractinator:extractinator":2,"farmersdelight:wild_carrots":25,"minecraft:dark_oak_log":107,"minecraft:cobbled_deepslate_slab":42,"minecraft:allium":2,"minecraft:spruce_fence":10,"minecraft:moss_block":11,"minecraft:cartography_table":1,"farmersdelight:wild_onions":9,"techreborn:lead_ore":1,"minecraft:andesite":89,"minecraft:big_dripleaf_stem":2,"minecraft:potatoes":185,"tconstruct:earth_earth_slime_grass":4,"minecraft:cobblestone_slab":6,"minecraft:vine":14,"ae2:sky_stone_block":3,"ae2:quartz_ore":1,"tconstruct:earth_congealed_slime":6,"ad_astra:sky_stone":10,"minecraft:smithing_table":1,"minecraft:oak_slab":10,"minecraft:birch_stairs":9,"minecraft:glass_pane":6,"minecraft:soul_sand":7,"minecraft:lily_of_the_valley":5,"minecraft:dandelion":5,"minecraft:cornflower":5,"minecraft:tall_grass":80,"minecraft:copper_ore":2,"minecraft:deepslate_gold_ore":67,"farmersdelight:wild_tomatoes":4,"minecraft:diorite":5,"cookingforblockheads:fridge":2,"minecraft:big_dripleaf":1,"techreborn:rubber_leaves":1,"techreborn:ruby_ore":1,"minecraft:spruce_log":102,"minecraft:birch_leaves":91,"minecraft:sunflower":5,"minecraft:gravel":1,"minecraft:cobweb":64,"ae2:deepslate_quartz_ore":5,"minecraft:spruce_fence_gate":4,"minecraft:stone_bricks":2,"vinery:cherry_leaves":87,"minecraft:gold_ore":31,"beautify:birch_trellis":6,"minecraft:fern":1,"minecraft:spruce_planks":76,"minecraft:oak_sapling":1,"minecraft:cobbled_deepslate_stairs":30,"minecraft:andesite_stairs":1,"minecraft:brewing_stand":1,"minecraft:spruce_trapdoor":25,"minecraft:cave_vines_plant":6,"minecraft:grass_block":973,"tconstruct:earth_slime_tall_grass":1,"minecraft:soul_soil":5,"farmersdelight:budding_tomatoes":4,"minecraft:gilded_blackstone":184,"minecraft:iron_ore":173,"create:oak_window_pane":4,"minecraft:dark_oak_stairs":9,"minecraft:pointed_dripstone":1,"minecraft:flowering_azalea_leaves":23,"minecraft:black_candle":1,"minecraft:azalea_leaves":9,"minecraft:azalea":4,"minecraft:spruce_slab":41,"ae2:fluix_block":1,"minecraft:deepslate_redstone_ore":9,"minecraft:blackstone":10,"minecraft:clay":55,"minecraft:poppy":4,"minecraft:chest":9,"tconstruct:small_earth_slime_crystal_bud":2,"minecraft:cobblestone":20,"doodads:glare_light":9,"minecraft:oak_planks":132,"minecraft:wall_torch":1,"vinery:white_grape_bush":24,"minecraft:deepslate_copper_ore":3,"tconstruct:large_earth_slime_crystal_bud":5,"minecraft:seagrass":4,"minecraft:dark_oak_slab":3,"minecraft:dark_oak_door":2,"minecraft:birch_log":120,"minecraft:orange_tulip":1,"minecraft:oak_log":427,"minecraft:sand":138,"minecraft:dirt":528,"minecraft:oak_leaves":174,"minecraft:tuff":16,"create:oak_window":2,"farmersdelight:onions":54,"minecraft:dark_oak_leaves":3,"minecraft:deepslate_diamond_ore":35,"minecraft:oak_door":1,"minecraft:glow_lichen":1,"tconstruct:earth_slime_crystal_block":11,"travelersbackpack:white_sleeping_bag":15,"minecraft:birch_slab":4,"minecraft:spruce_leaves":1,"minecraft:hay_block":64,"minecraft:oak_trapdoor":3,"minecraft:furnace":2,"minecraft:carrots":93,"minecraft:polished_basalt":8,"tconstruct:budding_earth_slime_crystal":3,"minecraft:stripped_spruce_log":13,"yttr:deepslate_brookite_ore":1,"minecraft:bookshelf":6,"minecraft:deepslate_iron_ore":29,"minecraft:lantern":3,"minecraft:stripped_oak_log":1,"minecraft:stone":518,"farmersdelight:cooking_pot":1,"minecraft:flowering_azalea":15,"minecraft:basalt":4,"minecraft:spruce_door":5,"minecraft:oak_fence":9,"minecraft:crafting_table":24,"tconstruct:earth_slime_crystal_cluster":4,"mysticaloaktree:wise_oak":1,"minecraft:rose_bush":3,"minecraft:lectern":1,"minecraft:stone_slab":5,"minecraft:lapis_ore":6,"techreborn:tin_ore":28,"minecraft:spruce_stairs":42,"farmersdelight:wild_beetroots":9,"minecraft:birch_planks":18,"minecraft:brick_slab":1,"techreborn:rubber_planks":20,"minecraft:coal_ore":271,"minecraft:small_dripleaf":2,"techreborn:rubber_log":10},"minecraft:killed_by":{"minecraft:vindicator":2,"minecraft:creeper":2,"minecraft:skeleton":1},"minecraft:custom":{"minecraft:interact_with_crafting_table":358,"minecraft:open_barrel":40,"minecraft:leave_game":50,"minecraft:time_since_death":283436,"minecraft:damage_blocked_by_shield":1565,"minecraft:play_time":2174148,"minecraft:deaths":8,"minecraft:jump":24082,"minecraft:interact_with_furnace":245,"minecraft:play_record":3,"minecraft:traded_with_villager":2,"minecraft:interact_with_cartography_table":1,"minecraft:sleep_in_bed":118,"minecraft:damage_dealt":65112,"minecraft:horse_one_cm":48905,"minecraft:interact_with_smithing_table":11,"minecraft:interact_with_anvil":4,"minecraft:sneak_time":67992,"minecraft:interact_with_blast_furnace":16,"minecraft:total_world_time":2174148,"minecraft:interact_with_stonecutter":1,"minecraft:time_since_rest":30265,"minecraft:swim_one_cm":374109,"minecraft:fly_one_cm":5075961,"minecraft:open_chest":405,"minecraft:fall_one_cm":1650688,"lootr:looted_stat":46,"minecraft:animals_bred":3,"minecraft:sprint_one_cm":4145535,"minecraft:drop":305,"minecraft:talked_to_villager":29,"minecraft:interact_with_brewingstand":3,"minecraft:walk_on_water_one_cm":305869,"minecraft:crouch_one_cm":141647,"minecraft:mob_kills":398,"minecraft:climb_one_cm":78433,"minecraft:walk_one_cm":6971004,"minecraft:raid_win":1,"minecraft:walk_under_water_one_cm":144654,"minecraft:boat_one_cm":97542,"minecraft:raid_trigger":1,"minecraft:pot_flower":10,"minecraft:interact_with_grindstone":1,"minecraft:damage_taken":15101},"minecraft:picked_up":{"techreborn:advanced_alloy_ingot":15,"minecraft:iron_chestplate":1,"minecraft:birch_door":1,"vinery:red_grape":114,"minecraft:lead":7,"minecraft:smithing_table":1,"minecraft:stone_slab":5,"vinery:red_grape_seeds":39,"minecraft:oak_stairs":28,"minecraft:brewing_stand":1,"minecraft:soul_soil":5,"minecraft:music_disc_cat":1,"minecraft:string":56,"tconstruct:earth_slime_dirt":9,"minecraft:beetroot":2,"minecraft:gold_nugget":49,"minecraft:cobbled_deepslate":211,"minecraft:spruce_planks":137,"techreborn:rubber_log":14,"minecraft:azalea_leaves":5,"minecraft:coal_block":54,"minecraft:melon_slice":67,"minecraft:dark_oak_door":3,"minecraft:jukebox":1,"minecraft:big_dripleaf":6,"techreborn:basic_machine_frame":1,"minecraft:tropical_fish":6,"ae2:fluix_block":2,"farmersdelight:onion":179,"minecraft:polished_basalt":8,"tconstruct:earth_slime_crystal_block":11,"yttr:brookite":1,"minecraft:birch_log":120,"minecraft:cooked_beef":3,"minecraft:feather":14,"minecraft:iron_door":2,"minecraft:birch_slab":5,"minecraft:jungle_log":19,"minecraft:brown_wool":4,"techreborn:tin_ingot":4,"minecraft:lantern":4,"minecraft:rabbit":1,"minecraft:moss_block":43,"yttr:raw_gadolinite":4,"beautify:hanging_pot":9,"techreborn:lead_ingot":1,"minecraft:stripped_spruce_log":13,"minecraft:ink_sac":6,"minecraft:dark_oak_log":107,"minecraft:granite":23,"minecraft:bread":3,"minecraft:bricks":11,"farmersdelight:wild_tomatoes":4,"minecraft:crafting_table":24,"minecraft:clay_ball":236,"vinery:cherry_boat":2,"ae2:silicon_press":3,"minecraft:cornflower":7,"cookingforblockheads:fridge":2,"minecraft:cartography_table":1,"minecraft:beef":37,"minecraft:poppy":5,"minecraft:spruce_slab":51,"minecraft:chest":9,"minecraft:birch_sapling":18,"minecraft:egg":15,"minecraft:stone":2,"beautify:birch_trellis":6,"minecraft:oak_door":1,"techreborn:rubber_planks":18,"minecraft:spruce_fence":10,"techreborn:ruby_gem":2,"farmersdelight:tomato_seeds":13,"minecraft:carrot":362,"minecraft:redstone":39,"minecraft:beetroot_seeds":9,"minecraft:hay_block":64,"minecraft:gold_ingot":4,"minecraft:totem_of_undying":1,"minecraft:glow_berries":73,"minecraft:mutton":9,"extractinator:extractinator":3,"minecraft:white_wool":4,"minecraft:oxeye_daisy":5,"minecraft:stripped_oak_log":1,"minecraft:birch_leaves":94,"minecraft:filled_map":2,"minecraft:oak_log":425,"farmersdelight:skillet":2,"minecraft:white_banner":1,"farmersdelight:cooking_pot":1,"minecraft:apple":16,"minecraft:stone_bricks":2,"doodads:celestial_ring":1,"minecraft:glass_bottle":3,"minecraft:iron_sword":2,"minecraft:flowering_azalea":16,"minecraft:dark_oak_stairs":8,"minecraft:dark_oak_slab":5,"minecraft:smooth_basalt":19,"doodads:loggers_glove":1,"minecraft:gravel":6,"minecraft:birch_stairs":11,"minecraft:spruce_sapling":17,"naturalist:bear_fur":5,"minecraft:spruce_log":101,"travelersbackpack:standard":2,"minecraft:slime_ball":11,"vinery:cherry_leaves":82,"minecraft:ender_pearl":10,"techreborn:raw_tin":30,"minecraft:wheat":194,"create:oak_window_pane":3,"minecraft:potion":1,"minecraft:gilded_blackstone":127,"minecraft:raw_copper":17,"minecraft:armor_stand":1,"minecraft:oak_sign":2,"minecraft:bucket":1,"minecraft:white_tulip":2,"minecraft:rose_bush":4,"minecraft:cobblestone_slab":6,"minecraft:azalea":8,"minecraft:iron_pickaxe":6,"minecraft:iron_boots":1,"minecraft:furnace":2,"minecraft:stick":73,"minecraft:oak_fence":19,"minecraft:torch":128,"minecraft:spruce_stairs":38,"minecraft:porkchop":11,"minecraft:pointed_dripstone":4,"minecraft:diorite":15,"minecraft:vine":12,"ae2:sky_stone_block":2,"minecraft:rotten_flesh":106,"create:veridium":25,"minecraft:cobblestone":667,"minecraft:lilac":8,"minecraft:andesite":93,"minecraft:potato":679,"minecraft:tuff":64,"minecraft:dirt":2044,"minecraft:lapis_lazuli":121,"minecraft:glass":51,"travelersbackpack:bookshelf":2,"minecraft:bone":65,"minecraft:bow":5,"minecraft:orange_tulip":1,"minecraft:wheat_seeds":687,"minecraft:small_dripleaf":1,"minecraft:raw_gold":95,"minecraft:cobbled_deepslate_slab":55,"ae2:logic_processor_press":1,"minecraft:oak_planks":144,"minecraft:music_disc_13":1,"techreborn:raw_lead":4,"minecraft:poisonous_potato":1,"vinery:white_grape":86,"minecraft:sand":138,"minecraft:grass_block":3,"minecraft:lily_of_the_valley":6,"techreborn:rubber_sapling":9,"techreborn:red_garnet_gem":1,"minecraft:mossy_cobblestone":7,"minecraft:spruce_fence_gate":4,"minecraft:diamond":44,"minecraft:crossbow":2,"minecraft:bone_meal":22,"minecraft:grass":3,"minecraft:emerald":3,"minecraft:oak_sapling":60,"minecraft:oak_leaves":106,"minecraft:allium":21,"minecraft:chicken":7,"minecraft:ladder":2,"naturalist:venison":1,"minecraft:brown_mushroom":17,"minecraft:stone_brick_wall":7,"minecraft:chain":2,"ad_astra:sky_stone":9,"tconstruct:earth_slime_crystal":16,"minecraft:oak_trapdoor":3,"minecraft:moss_carpet":14,"minecraft:iron_axe":1,"minecraft:andesite_stairs":1,"minecraft:lectern":1,"minecraft:sugar_cane":33,"minecraft:spruce_trapdoor":24,"minecraft:dark_oak_sapling":6,"minecraft:raw_iron":198,"minecraft:flowering_azalea_leaves":22,"minecraft:iron_horse_armor":1,"minecraft:dark_oak_planks":5,"minecraft:arrow":69,"ae2:certus_quartz_dust":27,"vinery:white_grape_seeds":40,"minecraft:saddle":2,"ae2:calculation_processor_press":1,"minecraft:skeleton_skull":1,"doodads:slimey_shoes":1,"doodads:glare_staff":2,"minecraft:basalt":4,"minecraft:glow_ink_sac":2,"minecraft:salmon":18,"minecraft:leather":25,"minecraft:birch_planks":40,"minecraft:cobbled_deepslate_stairs":29,"minecraft:gunpowder":36,"minecraft:rabbit_hide":1,"minecraft:heart_of_the_sea":1,"minecraft:iron_ingot":24,"minecraft:cooked_chicken":3,"minecraft:soul_sand":6,"minecraft:music_disc_chirp":1,"minecraft:book":18,"minecraft:oak_slab":10,"minecraft:black_candle":6,"minecraft:pumpkin":56,"minecraft:stone_brick_slab":3,"minecraft:dandelion":8,"minecraft:amethyst_shard":16,"minecraft:blast_furnace":1,"minecraft:white_bed":12,"minecraft:spruce_door":5,"minecraft:spider_eye":18,"minecraft:brick_slab":1,"minecraft:pumpkin_seeds":21,"ae2:engineering_processor_press":1,"minecraft:coal":346,"minecraft:sunflower":5}},"DataVersion":2975}