{"stats":{"minecraft:mined":{"minecraft:white_bed":7,"create:andesite_casing":5,"minecraft:obsidian":3,"minecraft:granite":57,"minecraft:acacia_log":1,"create:redstone_contact":6,"minecraft:coal_block":13,"minecraft:oxeye_daisy":2,"travelersbackpack:ocelot":1,"yttr:deepslate_gadolinite":125,"minecraft:magma_block":43,"minecraft:cobbled_deepslate":5,"minecraft:fire":6,"tconstruct:seared_melter":3,"minecraft:pumpkin":6,"minecraft:deepslate_lapis_ore":7,"createdeco:iron_hull":4,"minecraft:dirt_path":25,"minecraft:oak_stairs":21,"create:mechanical_press":1,"create:limestone":10,"create:cogwheel":14,"techreborn:deepslate_bauxite_ore":10,"ae2:sky_stone_chest":2,"minecraft:kelp_plant":30,"minecraft:soul_fire":4,"minecraft:torch":66,"minecraft:blast_furnace":2,"minecraft:white_stained_glass_pane":1,"create:rope":2,"minecraft:smooth_quartz_slab":16,"minecraft:glass":5,"minecraft:sugar_cane":141,"minecraft:damaged_anvil":3,"minecraft:amethyst_block":68,"minecraft:birch_sapling":2,"techreborn:silver_ore":23,"tconstruct:seared_faucet":4,"minecraft:wheat":66,"minecraft:grass":216,"minecraft:smooth_quartz":2,"minecraft:smooth_basalt":1,"minecraft:stonecutter":3,"minecraft:deepslate":217,"create:zinc_ore":98,"techreborn:sapphire_ore":7,"minecraft:deepslate_tiles":4,"minecraft:mossy_cobblestone":7,"tconstruct:sky_slime_vine":3,"extractinator:extractinator":1,"minecraft:stripped_birch_log":1,"minecraft:kelp":2,"minecraft:moss_block":2,"minecraft:white_concrete_powder":1,"minecraft:redstone_ore":6,"create:shaft":9,"techreborn:lead_ore":22,"minecraft:andesite":52,"minecraft:cobblestone_slab":9,"minecraft:rail":4,"create:chute":2,"create:controls":1,"ae2:sky_stone_block":14,"ae2:quartz_ore":9,"tconstruct:earth_congealed_slime":16,"create:andesite_encased_large_cogwheel":2,"ad_astra:sky_stone":2,"minecraft:smithing_table":2,"create:white_seat":3,"minecraft:glass_pane":6,"techreborn:deepslate_silver_ore":4,"minecraft:soul_sand":21,"minecraft:lily_of_the_valley":1,"minecraft:dandelion":25,"minecraft:cornflower":2,"create:elevator_contact":1,"minecraft:copper_ore":41,"minecraft:tall_grass":28,"minecraft:deepslate_gold_ore":59,"minecraft:diorite":305,"tconstruct:sky_slime_leaves":41,"techreborn:ruby_ore":2,"create:gearbox":4,"minecraft:birch_leaves":14,"minecraft:sunflower":1,"minecraft:gravel":218,"minecraft:dripstone_block":6,"ae2:deepslate_quartz_ore":11,"minecraft:oak_button":1,"minecraft:stone_bricks":32,"vinery:cherry_leaves":4,"minecraft:gold_ore":18,"tconstruct:sky_congealed_slime":16,"create:deepslate_zinc_ore":41,"minecraft:oak_sapling":2,"minecraft:cobblestone_stairs":7,"minecraft:brewing_stand":1,"minecraft:budding_amethyst":3,"minecraft:grass_block":1154,"minecraft:white_concrete":245,"minecraft:soul_soil":16,"minecraft:composter":2,"minecraft:gilded_blackstone":31,"tconstruct:seared_table":5,"tconstruct:seared_ingot_gauge":7,"minecraft:raw_iron_block":1,"minecraft:iron_ore":89,"minecraft:azure_bluet":3,"create:asurine":261,"minecraft:birch_wall_sign":3,"minecraft:azalea":1,"tconstruct:sky_slime_dirt":1,"ae2:fluix_block":14,"minecraft:deepslate_redstone_ore":22,"minecraft:blackstone":8,"minecraft:clay":21,"minecraft:calcite":3,"minecraft:poppy":3,"minecraft:chest":13,"minecraft:cobblestone":342,"doodads:glare_light":4,"extractinator:silt":16,"minecraft:oak_planks":54,"minecraft:wall_torch":12,"vinery:white_grape_bush":1,"tconstruct:large_earth_slime_crystal_bud":2,"create:large_water_wheel":2,"minecraft:seagrass":4,"minecraft:powered_rail":4,"minecraft:birch_log":67,"minecraft:birch_trapdoor":8,"minecraft:orange_tulip":2,"minecraft:yellow_stained_glass_pane":1,"minecraft:oak_log":572,"techreborn:galena_ore":29,"minecraft:dirt":1011,"minecraft:sand":221,"minecraft:netherrack":1,"minecraft:oak_leaves":201,"create:andesite_encased_cogwheel":2,"minecraft:diamond_ore":1,"minecraft:crying_obsidian":11,"minecraft:tuff":78,"minecraft:blackstone_wall":13,"minecraft:deepslate_diamond_ore":28,"minecraft:glow_lichen":1,"minecraft:lever":1,"tconstruct:medium_earth_slime_crystal_bud":1,"tconstruct:earth_slime_crystal_block":2,"create:large_cogwheel":18,"create:ochrum":204,"minecraft:hay_block":44,"minecraft:oak_trapdoor":3,"minecraft:furnace":13,"minecraft:carrots":8,"minecraft:polished_basalt":4,"minecraft:gold_block":1,"minecraft:peony":1,"minecraft:bookshelf":9,"minecraft:deepslate_iron_ore":26,"minecraft:stripped_oak_log":27,"minecraft:stone":1344,"minecraft:white_tulip":3,"yttr:gadolinite":206,"minecraft:basalt":3,"create:track":1,"travelersbackpack:standard":1,"minecraft:oak_fence":1,"minecraft:crafting_table":9,"tconstruct:earth_slime_crystal_cluster":8,"vinery:cherry_log":6,"minecraft:rose_bush":1,"minecraft:deepslate_coal_ore":2,"minecraft:lapis_ore":4,"techreborn:tin_ore":23,"minecraft:birch_planks":2,"tconstruct:skyroot_log":9,"minecraft:yellow_bed":4,"minecraft:coal_ore":161},"minecraft:crafted":{"minecraft:black_dye":1,"minecraft:smooth_stone":16,"minecraft:yellow_wool":2,"travelersbackpack:crafting_upgrade":1,"travelersbackpack:yellow_sleeping_bag":2,"minecraft:lever":11,"minecraft:diamond_shovel":1,"minecraft:cooked_mutton":16,"tconstruct:seared_melter":1,"create:vertical_gearbox":4,"create:rotation_speed_controller":2,"minecraft:quartz_block":9,"minecraft:glass":24,"create:andesite_funnel":2,"create:mechanical_press":2,"minecraft:dried_kelp_block":3,"minecraft:magenta_dye":4,"create:cogwheel":152,"minecraft:glass_bottle":3,"createdeco:iron_hull":4,"create:rose_quartz":18,"minecraft:emerald":9,"minecraft:cooked_porkchop":32,"travelersbackpack:standard":4,"minecraft:smithing_table":1,"minecraft:copper_ingot":159,"minecraft:campfire":1,"tconstruct:scorched_alloyer":1,"create:clutch":4,"create:gearbox":8,"create:encased_fan":3,"techreborn:silver_ingot":2,"minecraft:compass":2,"minecraft:iron_pickaxe":11,"minecraft:iron_block":81,"minecraft:gold_ingot":142,"create:large_cogwheel":63,"minecraft:light_gray_dye":2,"create:propeller":3,"create:elevator_pulley":2,"create:wrench":1,"minecraft:iron_nugget":4062,"minecraft:yellow_bed":1,"tconstruct:seared_basin":1,"minecraft:bone_meal":102,"minecraft:pink_dye":2,"travelersbackpack:blank_upgrade":4,"create:contraption_controls":2,"travelersbackpack:gold_tier_upgrade":1,"minecraft:lantern":1,"travelersbackpack:white_sleeping_bag":2,"techreborn:tin_ingot":21,"minecraft:stone_pickaxe":2,"create:hose_pulley":1,"create:electron_tube":18,"tconstruct:scorched_ingot_gauge":1,"create:belt_connector":56,"minecraft:wheat":396,"yttr:yttrium_ingot":48,"create:mechanical_piston":1,"create:brass_tunnel":2,"minecraft:dried_kelp":128,"create:goggles":1,"create:redstone_contact":8,"minecraft:orange_dye":2,"create:speedometer":3,"tconstruct:seared_heater":2,"minecraft:birch_trapdoor":4,"minecraft:iron_shovel":7,"minecraft:iron_leggings":4,"minecraft:white_bed":1,"create:shaft":448,"tconstruct:grout":58,"minecraft:oak_planks":2006,"minecraft:cobblestone_slab":18,"tconstruct:puny_smelting":1,"minecraft:stone":24,"create:deployer":5,"minecraft:hopper":1,"create:rope_pulley":1,"minecraft:bow":5,"minecraft:iron_boots":4,"create:cart_assembler":1,"tconstruct:seared_brick":8,"minecraft:chest":41,"create:spout":1,"minecraft:oak_button":5,"minecraft:rail":16,"minecraft:birch_button":3,"minecraft:stone_bricks":64,"minecraft:oak_fence":6,"create:brass_hand":5,"create:track_station":2,"minecraft:oak_slab":6,"minecraft:item_frame":14,"create:depot":3,"travelersbackpack:iron_tier_upgrade":1,"minecraft:crafting_table":18,"create:mechanical_saw":1,"create:piston_extension_pole":96,"create:fluid_pipe":64,"minecraft:iron_helmet":5,"minecraft:wooden_pickaxe":2,"create:brass_ingot":135,"create:sand_paper":3,"create:gearshift":2,"minecraft:birch_planks":192,"create:stressometer":3,"minecraft:dispenser":1,"farmersdelight:cutting_board":1,"create:controls":1,"minecraft:book":2,"minecraft:iron_chestplate":5,"create:water_wheel":86,"minecraft:paper":9,"minecraft:yellow_dye":6,"minecraft:diamond_pickaxe":2,"minecraft:purple_dye":2,"minecraft:shield":2,"create:super_glue":1,"create:white_seat":1,"minecraft:stick":108,"create:mechanical_pump":5,"minecraft:iron_ingot":1570,"minecraft:stone_sword":1,"minecraft:shears":2,"tconstruct:seared_fuel_gauge":1,"create:chute":4,"minecraft:raw_iron":9,"minecraft:coal":117,"ad_astra:steel_ingot":8,"minecraft:stone_button":1,"minecraft:furnace":10,"minecraft:blast_furnace":3,"minecraft:sugar_cane":4,"minecraft:oak_trapdoor":4,"minecraft:glass_pane":16,"minecraft:flint_and_steel":1,"yttr:xl_iron_ingot":273,"minecraft:white_concrete_powder":1056,"minecraft:leather":3,"minecraft:iron_axe":3,"minecraft:iron_hoe":1,"tconstruct:seared_table":1,"create:millstone":1,"travelersbackpack:diamond_tier_upgrade":1,"minecraft:minecart":2,"minecraft:cooked_beef":47,"minecraft:red_dye":3,"minecraft:cooked_cod":3,"create:andesite_alloy":237,"create:hand_crank":1,"minecraft:diamond_sword":1,"travelersbackpack:backpack_tank":6,"minecraft:powered_rail":6,"minecraft:yellow_carpet":3,"minecraft:iron_sword":2,"create:large_water_wheel":86,"minecraft:cooked_salmon":25,"create:item_drain":1,"minecraft:bucket":8,"create:sticky_mechanical_piston":1,"minecraft:stone_axe":1,"minecraft:air":0,"minecraft:bread":194,"minecraft:blue_dye":1,"travelersbackpack:squid":2,"tconstruct:seared_ingot_gauge":2,"minecraft:white_wool":2,"minecraft:white_dye":81,"ad_astra:astrodux":1,"create:mechanical_crafter":30,"tconstruct:seared_faucet":6,"minecraft:stonecutter":1,"create:mechanical_drill":4,"minecraft:andesite":526,"minecraft:acacia_planks":4,"minecraft:torch":96,"create:zinc_ingot":126,"minecraft:clay":7},"minecraft:broken":{"minecraft:iron_boots":3,"minecraft:iron_chestplate":2,"minecraft:iron_leggings":3,"minecraft:iron_sword":2,"minecraft:shield":1,"minecraft:iron_pickaxe":11,"minecraft:iron_helmet":4,"minecraft:iron_shovel":6,"minecraft:stone_pickaxe":1,"create:sand_paper":2},"minecraft:custom":{"minecraft:interact_with_crafting_table":92,"minecraft:bell_ring":6,"minecraft:leave_game":132,"minecraft:time_since_death":262248,"minecraft:damage_blocked_by_shield":3645,"minecraft:play_time":3499328,"minecraft:deaths":8,"minecraft:jump":24980,"minecraft:interact_with_furnace":209,"minecraft:traded_with_villager":25,"minecraft:sleep_in_bed":150,"minecraft:damage_dealt":90567,"minecraft:interact_with_smithing_table":7,"minecraft:inspect_dispenser":3,"minecraft:horse_one_cm":2780371,"minecraft:inspect_hopper":1,"minecraft:sneak_time":187508,"minecraft:interact_with_blast_furnace":54,"minecraft:total_world_time":3499328,"minecraft:interact_with_stonecutter":13,"minecraft:time_since_rest":18387,"minecraft:swim_one_cm":422302,"minecraft:fly_one_cm":3366897,"minecraft:open_chest":810,"minecraft:fall_one_cm":5078857,"lootr:looted_stat":27,"minecraft:animals_bred":1,"minecraft:sprint_one_cm":1720182,"minecraft:drop":992,"minecraft:talked_to_villager":30,"minecraft:interact_with_brewingstand":1,"minecraft:walk_on_water_one_cm":224187,"minecraft:crouch_one_cm":380011,"minecraft:mob_kills":580,"minecraft:climb_one_cm":30243,"minecraft:walk_one_cm":3281027,"minecraft:raid_win":2,"minecraft:walk_under_water_one_cm":370782,"minecraft:boat_one_cm":52463,"minecraft:raid_trigger":1,"minecraft:damage_taken":20414},"minecraft:dropped":{"minecraft:iron_sword":2,"yttr:goggles":1,"minecraft:lapis_lazuli":5,"minecraft:glass_bottle":3,"minecraft:diamond":1,"minecraft:crossbow":1,"vinery:white_grape_seeds":4,"create:incomplete_precision_mechanism":24,"ae2:sky_stone_chest":1,"create:large_water_wheel":1,"minecraft:rail":2,"minecraft:leather_helmet":1,"tconstruct:earth_slime_crystal":3,"minecraft:dirt":384,"techreborn:raw_tin":1,"minecraft:gold_nugget":6,"minecraft:bone_meal":127,"minecraft:sunflower":2,"create:goggles":1,"minecraft:sand":1101,"minecraft:iron_pickaxe":3,"minecraft:sugar":2,"tconstruct:sky_slime_ball":5,"minecraft:bone":92,"create:crushed_raw_copper":27,"minecraft:lever":2,"minecraft:iron_nugget":227,"minecraft:cobbled_deepslate":60,"minecraft:wheat":7,"minecraft:birch_sapling":2,"minecraft:obsidian":81,"techreborn:bauxite_dust":1,"minecraft:rotten_flesh":34,"minecraft:oak_planks":7,"tconstruct:ingot_cast":2,"minecraft:azure_bluet":3,"minecraft:deepslate_tiles":1,"minecraft:quartz_block":11,"create:wrench":2,"minecraft:leather_boots":1,"create:limestone":2,"farmersdelight:rope":12,"minecraft:white_dye":3,"doodads:glare_staff":1,"minecraft:stone_brick_stairs":2,"tconstruct:seared_faucet":2,"farmersdelight:tomato_seeds":10,"minecraft:iron_ingot":104,"minecraft:wheat_seeds":44,"minecraft:golden_horse_armor":1,"minecraft:dripstone_block":6,"minecraft:oak_fence":1,"minecraft:iron_helmet":1,"minecraft:feather":2,"minecraft:cobblestone":4364,"minecraft:granite":10,"minecraft:coal":5,"create:andesite_casing":1,"minecraft:lava_bucket":2,"ad_astra:sky_stone":2,"minecraft:cooked_salmon":7,"minecraft:potion":5,"minecraft:oak_stairs":14,"minecraft:heart_of_the_sea":1,"minecraft:white_banner":2,"minecraft:iron_shovel":2,"minecraft:string":26,"create:raw_zinc":242,"minecraft:stone_brick_slab":12,"minecraft:soul_soil":11,"create:ochrum":396,"minecraft:stone_sword":1,"minecraft:cobblestone_wall":4,"minecraft:chicken":2,"yttr:raw_gadolinite":5,"minecraft:iron_boots":1,"techreborn:ruby_gem":7,"minecraft:stone_slab":22,"minecraft:oak_sign":1,"doodads:duct_tape":1,"minecraft:cobblestone_slab":18,"minecraft:stone":387,"minecraft:diamond_pickaxe":1,"minecraft:spider_eye":7,"minecraft:light_gray_dye":2,"minecraft:magenta_dye":4,"minecraft:bow":7,"create:brass_casing":2,"ae2:certus_quartz_crystal":1,"create:belt_connector":10,"minecraft:soul_sand":279,"minecraft:orange_dye":2,"techreborn:advanced_alloy_ingot":2,"minecraft:leather":7,"create:track":496,"minecraft:flint":18,"minecraft:cobblestone_stairs":3,"create:incomplete_track":5,"minecraft:mutton":2,"techreborn:refined_iron_ingot":16,"ae2:silicon_press":4,"ftbquests:book":1,"minecraft:gold_ingot":18,"vinery:red_grape_seeds":2,"minecraft:gravel":1585,"ae2:calculation_processor_press":2,"ae2:engineering_processor_press":2,"minecraft:blackstone":2,"techreborn:peridot_gem":2,"travelersbackpack:yellow_sleeping_bag":1,"minecraft:carrot":1,"tconstruct:grout":97,"minecraft:chiseled_stone_bricks":2,"minecraft:rabbit_hide":4,"doodads:loggers_glove":1,"minecraft:gunpowder":1,"minecraft:beetroot_seeds":3,"create:gearbox":1,"create:brass_ingot":5,"minecraft:basalt":3,"ad_astra:moon_sand":2,"minecraft:white_concrete_powder":1480,"minecraft:bread":81,"create:unprocessed_obsidian_sheet":157,"travelersbackpack:bookshelf":1,"doodads:glare_plushie":1,"ae2:sky_stone_block":1,"doodads:shulker_aglet":1,"simplyswords:diamond_warglaive":1,"minecraft:copper_ingot":57,"minecraft:grass_block":4,"minecraft:stick":18,"create:crushed_raw_gold":73,"minecraft:blue_dye":1,"minecraft:diorite":42,"minecraft:torch":20,"minecraft:white_concrete":28,"minecraft:iron_leggings":1,"minecraft:polished_basalt":2,"minecraft:iron_axe":4,"minecraft:bucket":2,"minecraft:dandelion":12,"simplyswords:thunderbrand":1,"techreborn:red_garnet_gem":5,"create:shaft":12,"minecraft:raw_copper":35,"create:crushed_raw_zinc":118,"minecraft:tuff":3,"minecraft:raw_iron":10,"minecraft:iron_hoe":1,"ae2:logic_processor_press":1,"minecraft:stripped_oak_log":5,"create:experience_nugget":6,"doodads:cactus_ring":1,"minecraft:totem_of_undying":1,"yttr:xl_iron_ingot":115,"minecraft:iron_chestplate":3,"minecraft:andesite":13,"minecraft:oak_sapling":8,"minecraft:raw_gold":326,"extractinator:silt":1,"minecraft:calcite":2,"create:golden_sheet":12},"minecraft:picked_up":{"techreborn:advanced_alloy_ingot":2,"minecraft:iron_chestplate":2,"vinery:red_grape":38,"minecraft:lead":18,"minecraft:smithing_table":2,"minecraft:stone_slab":20,"minecraft:oak_stairs":20,"vinery:red_grape_seeds":9,"create:wrench":2,"vinery:cherry_log":12,"minecraft:enchanted_book":2,"minecraft:brewing_stand":1,"minecraft:amethyst_block":64,"farmersdelight:cutting_board":2,"minecraft:music_disc_cat":1,"minecraft:string":93,"minecraft:soul_soil":37,"create:limestone":11,"minecraft:cooked_salmon":7,"create:unprocessed_obsidian_sheet":62,"tconstruct:ingot_cast":8,"create:cart_assembler":1,"minecraft:gold_nugget":657,"minecraft:cobbled_deepslate":370,"minecraft:coal_block":13,"doodads:cactus_ring":2,"travelersbackpack:yellow_sleeping_bag":1,"minecraft:composter":2,"minecraft:acacia_log":1,"create:andesite_casing":7,"tconstruct:seared_faucet":6,"techreborn:basic_machine_frame":2,"createdeco:iron_hull":4,"tconstruct:sky_slime_bucket":1,"ae2:fluix_block":14,"create:track":603,"create:ochrum":396,"minecraft:blackstone_wall":17,"minecraft:polished_basalt":2,"minecraft:blue_dye":1,"minecraft:iron_block":1,"simplyswords:thunderbrand":1,"minecraft:birch_log":67,"minecraft:magma_block":82,"minecraft:feather":2,"travelersbackpack:ocelot":2,"minecraft:flint":155,"yttr:xl_iron_ingot":111,"minecraft:stonecutter":3,"create:goggles":1,"tconstruct:seared_table":5,"create:shaft":22,"minecraft:glowstone_dust":2,"minecraft:moss_block":1,"tconstruct:sky_slime_sapling":8,"minecraft:honeycomb":42,"yttr:raw_gadolinite":331,"techreborn:lead_ingot":2,"tconstruct:seared_ingot_gauge":7,"ae2:certus_quartz_crystal":22,"minecraft:ink_sac":8,"extractinator:silt":16,"minecraft:iron_hoe":1,"minecraft:lever":1,"minecraft:granite":41,"minecraft:golden_horse_armor":1,"minecraft:bread":52,"create:precision_mechanism":4,"minecraft:diamond_pickaxe":1,"create:copper_sheet":14,"minecraft:crafting_table":9,"minecraft:clay_ball":193,"ae2:silicon_press":5,"minecraft:cornflower":4,"minecraft:iron_shovel":2,"vinery:cherry_sapling":5,"minecraft:beef":47,"create:white_seat":3,"vinery:cherry":2,"minecraft:iron_nugget":178,"minecraft:poppy":4,"minecraft:minecart":2,"minecraft:chest":15,"minecraft:birch_sapling":18,"minecraft:egg":26,"minecraft:stone":130,"create:crushed_raw_zinc":118,"techreborn:ruby_gem":7,"minecraft:white_dye":140,"create:powdered_obsidian":74,"minecraft:carrot":241,"minecraft:redstone":175,"create:brass_casing":1,"create:vertical_gearbox":3,"tconstruct:sky_slime_ball":66,"minecraft:beetroot_seeds":3,"minecraft:peony":1,"doodads:scissors":1,"minecraft:shears":1,"minecraft:hay_block":44,"minecraft:totem_of_undying":1,"techreborn:bauxite_dust":2,"minecraft:gold_ingot":13,"minecraft:glow_berries":1,"minecraft:mutton":18,"extractinator:extractinator":1,"minecraft:white_wool":13,"minecraft:rail":7,"minecraft:oxeye_daisy":2,"minecraft:stripped_oak_log":32,"doodads:glare_plushie":1,"create:iron_sheet":13,"create:crushed_raw_gold":72,"minecraft:oak_log":577,"minecraft:white_banner":10,"tconstruct:seared_brick":48,"create:crushing_wheel":2,"minecraft:apple":24,"minecraft:stone_bricks":37,"farmersdelight:cooking_pot":2,"minecraft:kelp":135,"techreborn:deepslate_bauxite_ore":10,"minecraft:glass_bottle":3,"minecraft:iron_sword":2,"doodads:loggers_glove":3,"minecraft:gravel":2251,"doodads:sun_ring":1,"minecraft:crying_obsidian":13,"create:gearbox":3,"minecraft:leather_helmet":1,"travelersbackpack:standard":1,"create:millstone":1,"minecraft:slime_ball":68,"minecraft:birch_sign":3,"tconstruct:seared_melter":3,"minecraft:oak_button":1,"minecraft:smooth_quartz_slab":16,"minecraft:ender_pearl":5,"techreborn:raw_tin":23,"minecraft:wheat":55,"create:mechanical_crafter":1,"minecraft:potion":4,"minecraft:gilded_blackstone":33,"minecraft:stone_brick_stairs":2,"techreborn:refined_iron_ingot":24,"minecraft:raw_copper":167,"minecraft:iron_leggings":1,"techreborn:galena_ore":58,"minecraft:oak_sign":1,"create:sand_paper":1,"minecraft:deepslate_tiles":4,"minecraft:smooth_stone":7,"create:mechanical_press":1,"minecraft:bucket":1,"minecraft:white_tulip":2,"minecraft:rose_bush":1,"minecraft:cobblestone_slab":26,"minecraft:calcite":2,"minecraft:azalea":1,"minecraft:smooth_quartz":11,"minecraft:iron_pickaxe":3,"minecraft:iron_boots":1,"minecraft:furnace":14,"minecraft:stick":210,"minecraft:birch_trapdoor":8,"minecraft:oak_fence":3,"minecraft:torch":96,"minecraft:porkchop":32,"minecraft:dried_kelp":64,"create:redstone_contact":7,"minecraft:diorite":389,"ae2:sky_stone_block":11,"create:large_cogwheel":38,"minecraft:quartz_block":2,"simplyswords:diamond_warglaive":2,"minecraft:rotten_flesh":216,"tconstruct:molten_copper_bucket":1,"doodads:spore_sword":1,"tconstruct:magma_bucket":2,"doodads:shulker_aglet":2,"create:asurine":256,"minecraft:obsidian":67,"minecraft:cod":3,"minecraft:cobblestone":2734,"minecraft:andesite":65,"minecraft:potato":24,"create:belt_connector":11,"create:raw_zinc":250,"minecraft:tuff":109,"minecraft:light_gray_dye":10,"create:incomplete_precision_mechanism":24,"minecraft:lapis_lazuli":70,"minecraft:dirt":2884,"minecraft:stripped_birch_log":1,"minecraft:name_tag":6,"minecraft:leather_boots":1,"minecraft:glass":273,"travelersbackpack:bookshelf":1,"minecraft:bone":126,"minecraft:bow":9,"minecraft:wheat_seeds":118,"minecraft:orange_tulip":8,"minecraft:raw_gold":380,"ae2:logic_processor_press":1,"minecraft:powered_rail":4,"minecraft:oak_planks":58,"create:cogwheel":32,"minecraft:axolotl_bucket":2,"techreborn:raw_lead":46,"minecraft:sand":1705,"minecraft:grass_block":8,"minecraft:lily_of_the_valley":1,"techreborn:sapphire_gem":19,"techreborn:red_garnet_gem":5,"minecraft:mossy_cobblestone":7,"techreborn:peridot_gem":6,"minecraft:sugar":2,"minecraft:diamond":50,"minecraft:crossbow":1,"yttr:goggles":1,"minecraft:bone_meal":220,"minecraft:white_concrete":1496,"minecraft:emerald":7,"minecraft:oak_sapling":254,"minecraft:azure_bluet":5,"minecraft:chicken":2,"simplyswords:iron_sai":1,"tconstruct:skyroot_log":9,"create:rotation_speed_controller":1,"minecraft:gold_block":1,"ad_astra:sky_stone":2,"minecraft:shield":3,"tconstruct:earth_slime_crystal":33,"minecraft:oak_trapdoor":3,"minecraft:iron_axe":4,"minecraft:item_frame":8,"create:chute":2,"minecraft:blackstone":95,"techreborn:raw_silver":21,"simplyswords:runic_tablet":1,"minecraft:sugar_cane":264,"farmersdelight:golden_knife":1,"minecraft:phantom_membrane":1,"minecraft:raw_iron":126,"create:golden_sheet":11,"minecraft:copper_ingot":15,"simplyswords:iron_cutlass":1,"create:hand_crank":1,"ae2:sky_stone_chest":1,"create:zinc_ingot":7,"create:controls":1,"minecraft:arrow":123,"tconstruct:grout":49,"ae2:certus_quartz_dust":127,"create:experience_nugget":210,"doodads:duct_tape":1,"vinery:white_grape_seeds":5,"ae2:calculation_processor_press":1,"minecraft:saddle":2,"doodads:slimey_shoes":1,"minecraft:basalt":3,"minecraft:salmon":29,"minecraft:leather":32,"minecraft:birch_planks":2,"create:andesite_alloy":1,"minecraft:yellow_bed":4,"minecraft:cobblestone_wall":3,"minecraft:gunpowder":72,"minecraft:cobblestone_stairs":10,"create:copper_nugget":243,"naturalist:glow_goop":2,"minecraft:rabbit_hide":4,"minecraft:iron_ingot":75,"minecraft:soul_sand":407,"minecraft:book":27,"create:large_water_wheel":65,"minecraft:pumpkin":6,"minecraft:chiseled_stone_bricks":2,"minecraft:stone_brick_slab":10,"minecraft:quartz":175,"minecraft:dandelion":25,"minecraft:raw_iron_block":1,"minecraft:dripstone_block":6,"minecraft:blast_furnace":2,"minecraft:white_bed":7,"minecraft:spider_eye":13,"minecraft:white_concrete_powder":257,"create:brass_ingot":5,"create:zinc_nugget":1062,"minecraft:iron_helmet":1,"create:encased_fan":1,"create:crushed_raw_copper":27,"ae2:engineering_processor_press":1,"simplyswords:iron_chakram":1,"minecraft:damaged_anvil":3,"minecraft:coal":276,"minecraft:sunflower":2},"minecraft:killed_by":{"minecraft:ravager":1,"minecraft:creeper":1,"minecraft:skeleton":2},"minecraft:killed":{"naturalist:robin":1,"minecraft:cod":3,"minecraft:skeleton":125,"minecraft:chicken":3,"naturalist:firefly":1,"naturalist:snake":2,"minecraft:salmon":32,"minecraft:pillager":11,"minecraft:zombie":208,"minecraft:cow":23,"minecraft:evoker":1,"minecraft:vindicator":5,"naturalist:coral_snake":1,"naturalist:bear":1,"minecraft:ravager":1,"minecraft:enderman":12,"minecraft:witch":3,"minecraft:spider":56,"naturalist:snail":3,"minecraft:bee":1,"minecraft:pig":14,"minecraft:zombie_villager":2,"minecraft:creeper":36,"minecraft:sheep":15,"minecraft:trader_llama":4,"minecraft:slime":3,"minecraft:phantom":2,"minecraft:drowned":2,"minecraft:bat":1,"minecraft:squid":4},"minecraft:used":{"minecraft:moss_block":1,"create:deployer":7,"create:brass_casing":6,"minecraft:smooth_quartz_slab":33,"minecraft:dispenser":1,"minecraft:poppy":1,"minecraft:chest":44,"minecraft:stone":1,"minecraft:rotten_flesh":50,"minecraft:lily_of_the_valley":1,"create:mechanical_crafter":93,"create:depot":9,"minecraft:azure_bluet":1,"create:controls":8,"minecraft:lava_bucket":20,"minecraft:grass_block":5,"minecraft:birch_sapling":16,"tconstruct:seared_faucet":6,"create:rope_pulley":2,"create:andesite_funnel":2,"create:shaft":258,"minecraft:oak_sapling":227,"minecraft:cooked_cod":3,"minecraft:bow":70,"create:rotation_speed_controller":4,"minecraft:furnace":18,"minecraft:egg":6,"minecraft:potato":2,"vinery:white_grape_seeds":1,"minecraft:diorite":5,"minecraft:damaged_anvil":1,"minecraft:powered_rail":7,"minecraft:orange_tulip":8,"minecraft:blackstone":7,"minecraft:wooden_pickaxe":17,"minecraft:composter":2,"tconstruct:molten_copper_bucket":1,"create:spout":2,"minecraft:glow_berries":1,"minecraft:sand":1,"simplyswords:diamond_warglaive":279,"minecraft:blast_furnace":5,"minecraft:deepslate_tiles":51,"minecraft:crying_obsidian":5,"minecraft:stone_button":1,"create:contraption_controls":3,"minecraft:diamond_sword":270,"minecraft:smithing_table":3,"minecraft:poisonous_potato":1,"minecraft:birch_log":17,"minecraft:oak_trapdoor":7,"minecraft:stone_sword":67,"create:sticky_mechanical_piston":4,"minecraft:cooked_salmon":29,"minecraft:torch":240,"minecraft:brewing_stand":1,"minecraft:yellow_carpet":3,"tconstruct:seared_heater":2,"ae2:fluix_block":1,"create:wrench":1466,"create:gearbox":17,"minecraft:iron_axe":327,"travelersbackpack:squid":12,"extractinator:extractinator":1,"minecraft:smooth_quartz":2,"createdeco:iron_hull":8,"doodads:glare_staff":1,"create:fluid_pipe":91,"farmersdelight:cooking_pot":1,"doodads:spore_sword":1,"minecraft:cobbled_deepslate":14,"create:belt_connector":104,"vinery:red_grape":38,"minecraft:wheat_seeds":3,"minecraft:water_bucket":100,"minecraft:dirt_path":11,"minecraft:birch_planks":11,"minecraft:lead":2,"create:brass_tunnel":3,"minecraft:gilded_blackstone":25,"minecraft:salmon":4,"minecraft:mossy_cobblestone":7,"create:encased_fan":28,"minecraft:rail":11,"minecraft:crafting_table":16,"minecraft:birch_sign":1,"minecraft:white_bed":7,"minecraft:campfire":1,"minecraft:oak_log":56,"create:track":326,"minecraft:diamond_pickaxe":1680,"minecraft:cornflower":3,"minecraft:oxeye_daisy":1,"minecraft:diamond_shovel":819,"travelersbackpack:bookshelf":1,"tconstruct:seared_table":6,"minecraft:oak_button":5,"minecraft:iron_pickaxe":2756,"tconstruct:seared_melter":4,"travelersbackpack:standard":41,"minecraft:cobblestone":577,"minecraft:cooked_porkchop":32,"minecraft:glass_pane":16,"create:clutch":5,"minecraft:stripped_oak_log":16,"minecraft:dandelion":7,"create:elevator_pulley":6,"minecraft:iron_shovel":1528,"create:piston_extension_pole":4,"minecraft:white_concrete_powder":1,"minecraft:shield":110,"minecraft:iron_sword":503,"minecraft:iron_chestplate":2,"create:minecart_contraption":1,"create:cogwheel":226,"minecraft:carrot":89,"minecraft:tuff":7,"minecraft:axolotl_bucket":2,"create:speedometer":2,"minecraft:glass":134,"minecraft:lantern":1,"minecraft:iron_helmet":4,"create:millstone":1,"minecraft:item_frame":20,"minecraft:stone_bricks":89,"minecraft:birch_button":2,"minecraft:birch_trapdoor":12,"farmersdelight:cutting_board":3,"create:mechanical_drill":20,"create:crushing_wheel":10,"minecraft:stone_pickaxe":177,"minecraft:oak_planks":42,"minecraft:sugar_cane":25,"create:mechanical_saw":4,"simplyswords:iron_chakram":22,"create:track_station":10,"minecraft:crossbow":2,"minecraft:blackstone_wall":49,"minecraft:shears":8,"minecraft:lever":9,"minecraft:bread":162,"create:andesite_casing":3,"minecraft:gravel":10,"create:white_seat":4,"create:stressometer":9,"create:vertical_gearbox":14,"minecraft:white_concrete":1308,"minecraft:tropical_fish_bucket":8,"minecraft:bone_meal":79,"create:large_cogwheel":214,"minecraft:azalea":1,"minecraft:oak_fence":4,"minecraft:rose_bush":1,"minecraft:white_tulip":2,"minecraft:flint_and_steel":3,"tconstruct:seared_ingot_gauge":9,"create:mechanical_pump":10,"minecraft:dirt":1361,"create:copper_casing":1,"minecraft:hopper":1,"create:redstone_contact":24,"minecraft:granite":15,"create:chute":11,"minecraft:iron_hoe":180,"minecraft:oak_stairs":6,"create:hose_pulley":3,"minecraft:iron_boots":3,"create:cart_assembler":2,"travelersbackpack:ocelot":8,"minecraft:soul_soil":4,"minecraft:minecart":2,"minecraft:cooked_beef":47,"minecraft:iron_leggings":2,"create:gearshift":3,"minecraft:cooked_mutton":16,"minecraft:cobblestone_stairs":9,"tconstruct:scorched_alloyer":1,"tconstruct:magma_bucket":6,"minecraft:stonecutter":4,"minecraft:cobblestone_slab":30,"create:item_drain":2,"minecraft:spider_eye":2,"tconstruct:seared_basin":1,"minecraft:apple":14,"create:mechanical_press":4,"create:large_water_wheel":219,"simplyswords:iron_sai":5,"minecraft:stone_axe":53,"minecraft:bucket":142,"minecraft:yellow_bed":5,"create:hand_crank":11,"vinery:red_grape_seeds":1}},"DataVersion":2975}