{"stats":{"minecraft:crafted":{"minecraft:oak_sign":6,"vinery:cherry_planks":28,"minecraft:iron_bars":16,"travelersbackpack:bookshelf":1,"travelersbackpack:standard":2,"minecraft:spruce_door":6,"minecraft:smithing_table":1,"minecraft:campfire":3,"blahaj:bread":1,"minecraft:stone_slab":6,"vinery:grass_slab":1,"minecraft:iron_pickaxe":6,"minecraft:gold_ingot":47,"minecraft:stone_shovel":2,"minecraft:iron_nugget":209,"minecraft:bone_meal":96,"minecraft:spruce_fence":78,"minecraft:orange_wool":6,"minecraft:lantern":26,"minecraft:spruce_stairs":72,"travelersbackpack:white_sleeping_bag":1,"techreborn:tin_ingot":1,"minecraft:spruce_slab":120,"minecraft:stone_pickaxe":5,"minecraft:redstone_block":2,"minecraft:wheat":217,"minecraft:crossbow":1,"minecraft:enchanting_table":1,"ae2:smooth_sky_stone_block":16,"minecraft:orange_dye":8,"minecraft:wooden_axe":1,"minecraft:iron_shovel":19,"minecraft:white_bed":2,"minecraft:grindstone":1,"minecraft:oak_planks":492,"minecraft:stone":3,"minecraft:hopper":12,"minecraft:bow":2,"vinery:stackable_log":4,"minecraft:chest":37,"minecraft:oak_slab":6,"minecraft:crafting_table":10,"minecraft:spruce_planks":1500,"minecraft:wooden_pickaxe":3,"minecraft:baked_potato":32,"beautify:bookstack":1,"tconstruct:sky_slime_sling":1,"farmersdelight:cutting_board":1,"minecraft:spruce_trapdoor":10,"minecraft:book":6,"minecraft:paper":15,"minecraft:diamond_pickaxe":3,"minecraft:yellow_dye":4,"minecraft:stick":96,"minecraft:iron_ingot":26,"minecraft:stone_sword":1,"minecraft:shears":1,"techreborn:rubber_planks":20,"minecraft:wooden_sword":1,"minecraft:oak_door":3,"tconstruct:pattern":12,"minecraft:coal":538,"minecraft:tripwire_hook":2,"minecraft:furnace":7,"minecraft:blast_furnace":1,"vinery:coarse_dirt_slab":1,"minecraft:flint_and_steel":1,"minecraft:iron_axe":4,"vinery:cherry_boat":4,"minecraft:red_dye":4,"techreborn:iron_furnace":1,"immersive_aircraft:boiler":1,"minecraft:iron_sword":1,"minecraft:bucket":3,"minecraft:stone_axe":1,"tconstruct:sky_congealed_slime":2,"minecraft:bread":75,"minecraft:air":0,"minecraft:blue_dye":1,"minecraft:oak_boat":1,"minecraft:stonecutter":1,"vinery:old_cherry_sapling":1,"minecraft:torch":56},"minecraft:dropped":{"minecraft:diamond":13,"minecraft:glow_berries":11,"vinery:white_grape_seeds":2,"minecraft:cracked_stone_bricks":2,"minecraft:emerald":14,"minecraft:dirt":132,"minecraft:gold_nugget":78,"minecraft:sand":6,"minecraft:iron_pickaxe":2,"minecraft:dark_oak_planks":7,"minecraft:white_wool":2,"minecraft:bone":4,"minecraft:sugar_cane":16,"minecraft:iron_nugget":8,"simplyswords:iron_katana":1,"minecraft:cobbled_deepslate":53,"minecraft:birch_sapling":3,"vinery:cherry_sapling":1,"minecraft:rotten_flesh":20,"minecraft:oak_planks":34,"techreborn:tin_ingot":5,"minecraft:jungle_stairs":1,"minecraft:jungle_log":3,"minecraft:leather_leggings":1,"simplyswords:mjolnir":2,"minecraft:spruce_slab":1,"minecraft:beef":2,"minecraft:egg":1,"minecraft:enchanted_book":1,"minecraft:golden_boots":2,"minecraft:iron_ingot":47,"minecraft:wheat_seeds":18,"minecraft:tnt":1,"minecraft:dripstone_block":12,"minecraft:oak_fence":20,"minecraft:iron_helmet":1,"minecraft:cobblestone":2953,"minecraft:prismarine_crystals":5,"minecraft:apple":1,"minecraft:granite":14,"minecraft:coal":511,"techreborn:basic_machine_frame":3,"minecraft:coal_block":314,"ad_astra:sky_stone":9,"minecraft:gray_wool":6,"minecraft:potion":1,"minecraft:golden_hoe":1,"minecraft:pumpkin":2,"doodads:slimey_shoes":1,"minecraft:iron_shovel":1,"minecraft:string":2,"simplyswords:runic_cutlass":1,"minecraft:clay_ball":124,"minecraft:hay_block":12,"minecraft:spruce_planks":26,"minecraft:diamond_pickaxe":1,"doodads:celestial_ring":2,"minecraft:spider_eye":5,"minecraft:bow":1,"minecraft:magma_block":11,"minecraft:moss_block":2,"minecraft:dark_oak_stairs":4,"minecraft:orange_dye":2,"minecraft:oak_log":3,"doodads:beaver_teeth":2,"minecraft:leather":7,"minecraft:jungle_planks":6,"travelersbackpack:standard":3,"minecraft:flint":4,"minecraft:dark_oak_log":13,"minecraft:mutton":1,"minecraft:cooked_cod":6,"minecraft:snowball":3,"minecraft:gilded_blackstone":75,"ae2:silicon_press":1,"minecraft:gold_ingot":17,"vinery:red_grape_seeds":4,"minecraft:gravel":4,"minecraft:blackstone":6,"doodads:loggers_glove":3,"minecraft:gunpowder":5,"minecraft:arrow":4,"tconstruct:sky_slime_crystal":8,"minecraft:quartz":1,"minecraft:bread":16,"minecraft:oak_slab":3,"travelersbackpack:bookshelf":1,"ae2:sky_stone_block":14,"simplyswords:gold_greataxe":2,"minecraft:stick":2,"minecraft:blue_dye":1,"minecraft:diorite":7,"minecraft:torch":2,"minecraft:iron_leggings":2,"minecraft:iron_axe":1,"minecraft:bucket":1,"minecraft:dandelion":4,"minecraft:smooth_basalt":11,"minecraft:redstone":9,"minecraft:tuff":39,"minecraft:raw_iron":8,"ae2:logic_processor_press":1,"doodads:speed_boots":2,"minecraft:filled_map":6,"minecraft:iron_chestplate":2,"minecraft:andesite":30,"minecraft:oak_boat":1,"minecraft:oak_sapling":1,"simplyswords:iron_spear":1,"tconstruct:sky_slime_crystal_block":2,"minecraft:spruce_log":96,"minecraft:wooden_pickaxe":1,"minecraft:music_disc_mellohi":1,"extractinator:silt":6},"minecraft:killed":{"minecraft:cave_spider":12,"tconstruct:sky_slime":16,"minecraft:skeleton":38,"minecraft:chicken":2,"minecraft:zombie":88,"minecraft:cow":7,"minecraft:horse":6,"naturalist:coral_snake":2,"minecraft:rabbit":2,"minecraft:spider":22,"minecraft:pig":6,"minecraft:zombie_villager":4,"minecraft:creeper":22,"minecraft:sheep":17,"minecraft:phantom":5,"minecraft:drowned":1},"minecraft:broken":{"minecraft:iron_leggings":1,"minecraft:diamond_pickaxe":1,"minecraft:wooden_pickaxe":1,"minecraft:iron_pickaxe":4,"minecraft:iron_helmet":1,"minecraft:iron_shovel":19,"minecraft:stone_pickaxe":2,"minecraft:stone_shovel":1},"minecraft:custom":{"minecraft:interact_with_crafting_table":173,"minecraft:leave_game":59,"minecraft:time_since_death":27966,"minecraft:play_time":2171224,"minecraft:deaths":6,"minecraft:jump":35072,"minecraft:enchant_item":7,"minecraft:interact_with_furnace":101,"minecraft:traded_with_villager":3,"minecraft:sleep_in_bed":71,"minecraft:damage_dealt":40673,"minecraft:interact_with_smoker":1,"minecraft:horse_one_cm":1820,"minecraft:interact_with_smithing_table":3,"minecraft:interact_with_anvil":3,"minecraft:inspect_hopper":56,"minecraft:sneak_time":34936,"minecraft:interact_with_blast_furnace":2,"minecraft:total_world_time":2171224,"minecraft:interact_with_stonecutter":12,"minecraft:time_since_rest":24548,"minecraft:swim_one_cm":768526,"minecraft:fly_one_cm":7466257,"minecraft:open_chest":1069,"minecraft:fall_one_cm":1892787,"lootr:looted_stat":76,"minecraft:sprint_one_cm":4393313,"minecraft:drop":305,"minecraft:talked_to_villager":8,"minecraft:interact_with_brewingstand":1,"minecraft:walk_on_water_one_cm":130881,"minecraft:crouch_one_cm":73612,"minecraft:mob_kills":253,"minecraft:climb_one_cm":8460,"minecraft:walk_one_cm":3404324,"minecraft:walk_under_water_one_cm":112441,"minecraft:boat_one_cm":261438,"minecraft:interact_with_grindstone":7,"minecraft:damage_taken":12058,"minecraft:damage_absorbed":116},"minecraft:mined":{"minecraft:dark_oak_planks":6,"minecraft:white_bed":7,"tconstruct:sky_slime_crystal_block":25,"minecraft:jungle_leaves":38,"minecraft:obsidian":5,"minecraft:granite":36,"minecraft:stone_brick_wall":2,"minecraft:jungle_log":1,"minecraft:coal_block":388,"minecraft:hopper":1,"minecraft:oak_wall_sign":4,"yttr:deepslate_gadolinite":10,"minecraft:spawner":7,"minecraft:magma_block":140,"minecraft:cobbled_deepslate":24,"minecraft:fire":1,"minecraft:pumpkin":3,"minecraft:oak_sign":2,"minecraft:oak_stairs":5,"tconstruct:sky_slime_fern":1,"minecraft:waxed_exposed_copper":4,"create:veridium":20,"create:limestone":15,"techreborn:deepslate_bauxite_ore":1,"ae2:sky_stone_chest":2,"minecraft:smoker":1,"minecraft:amethyst_cluster":2,"minecraft:powder_snow":9,"blahaj:bread":3,"minecraft:blast_furnace":1,"vinery:red_grape_bush":1,"yttr:brookite_ore":1,"minecraft:sugar_cane":28,"minecraft:damaged_anvil":2,"tconstruct:budding_sky_slime_crystal":3,"minecraft:jukebox":1,"tconstruct:earth_slime_dirt":1,"minecraft:stone_brick_stairs":14,"minecraft:grass":254,"minecraft:smooth_basalt":17,"minecraft:deepslate":969,"techreborn:sapphire_ore":4,"minecraft:mossy_cobblestone":3,"extractinator:extractinator":1,"farmersdelight:wild_carrots":31,"minecraft:dark_oak_log":2,"vinery:stackable_log":6,"minecraft:spruce_fence":1,"minecraft:jungle_planks":11,"techreborn:bauxite_ore":2,"minecraft:moss_block":1,"tconstruct:sky_slime_crystal_cluster":4,"farmersdelight:wild_onions":14,"minecraft:snow":3,"minecraft:andesite":51,"minecraft:potatoes":11,"minecraft:cobblestone_slab":2,"minecraft:vine":4,"ae2:sky_stone_block":36,"ae2:quartz_ore":11,"tconstruct:earth_congealed_slime":35,"ad_astra:sky_stone":63,"minecraft:white_wool":3,"minecraft:smithing_table":1,"minecraft:oak_slab":4,"minecraft:redstone_block":1,"techreborn:deepslate_silver_ore":13,"minecraft:lily_of_the_valley":7,"minecraft:stone_brick_slab":4,"minecraft:dandelion":15,"minecraft:cobbled_deepslate_wall":1,"minecraft:cornflower":1,"minecraft:tall_grass":35,"minecraft:copper_ore":25,"farmersdelight:wild_tomatoes":2,"minecraft:diorite":39,"techreborn:rubber_leaves":3,"techreborn:ruby_ore":2,"minecraft:spruce_log":881,"minecraft:birch_leaves":4,"minecraft:jungle_fence":1,"minecraft:gravel":20,"minecraft:cobweb":162,"ae2:deepslate_quartz_ore":3,"minecraft:stone_bricks":33,"vinery:cherry_leaves":4,"beautify:birch_trellis":1,"minecraft:fern":2,"tconstruct:sky_congealed_slime":3,"techreborn:iron_furnace":3,"minecraft:spruce_planks":26,"minecraft:oak_sapling":1,"minecraft:cobbled_deepslate_stairs":1,"minecraft:jungle_slab":4,"minecraft:cobblestone_stairs":1,"minecraft:spruce_trapdoor":8,"minecraft:grass_block":4071,"minecraft:gilded_blackstone":120,"minecraft:iron_ore":84,"minecraft:dark_oak_stairs":4,"minecraft:spruce_slab":9,"ae2:fluix_block":15,"minecraft:deepslate_redstone_ore":4,"beautify:lamp_candleabra":1,"minecraft:blackstone":13,"minecraft:clay":72,"minecraft:jungle_stairs":2,"minecraft:calcite":2,"minecraft:poppy":4,"minecraft:chest":3,"minecraft:cobblestone":25,"doodads:glare_light":80,"extractinator:silt":6,"minecraft:oak_planks":124,"minecraft:deepslate_copper_ore":3,"tconstruct:large_earth_slime_crystal_bud":2,"minecraft:seagrass":1,"minecraft:light_blue_terracotta":1,"minecraft:birch_log":31,"tconstruct:earth_sky_slime_grass":1,"minecraft:oak_log":255,"techreborn:galena_ore":1,"minecraft:sand":35,"minecraft:dirt":1313,"minecraft:netherrack":5,"create:crimsite":8,"minecraft:oak_leaves":114,"minecraft:diamond_ore":1,"minecraft:tuff":168,"minecraft:dark_oak_leaves":5,"minecraft:deepslate_diamond_ore":8,"minecraft:oak_door":1,"tconstruct:earth_slime_crystal_block":2,"minecraft:spruce_leaves":38,"minecraft:sandstone":2,"vinery:old_cherry_log":10,"tconstruct:large_sky_slime_crystal_bud":1,"minecraft:hay_block":25,"minecraft:spruce_sapling":8,"minecraft:furnace":2,"tconstruct:sky_earth_slime_grass":32,"minecraft:polished_basalt":51,"tconstruct:budding_earth_slime_crystal":1,"minecraft:stripped_spruce_log":9,"yttr:deepslate_brookite_ore":4,"minecraft:gold_block":5,"minecraft:deepslate_iron_ore":2,"minecraft:stripped_oak_log":5,"minecraft:packed_ice":15,"minecraft:stone":4889,"farmersdelight:cooking_pot":1,"beautify:bookstack":1,"tconstruct:sky_slime_tall_grass":2,"minecraft:flowering_azalea":1,"yttr:gadolinite":3,"minecraft:basalt":67,"minecraft:spruce_door":2,"travelersbackpack:standard":7,"minecraft:oak_fence":22,"minecraft:crafting_table":17,"tconstruct:earth_slime_crystal_cluster":12,"vinery:cherry_log":13,"minecraft:lapis_ore":14,"vinery:cherry_planks":2,"techreborn:tin_ore":8,"minecraft:spruce_stairs":8,"minecraft:ice":2,"tconstruct:skyroot_log":32,"minecraft:yellow_bed":4,"minecraft:coal_ore":283,"minecraft:cocoa":1,"minecraft:cracked_stone_bricks":1,"techreborn:rubber_log":31},"minecraft:picked_up":{"minecraft:iron_chestplate":3,"vinery:red_grape":4,"minecraft:smithing_table":1,"techreborn:iron_furnace":2,"vinery:red_grape_seeds":14,"doodads:speed_boots":2,"vinery:cherry_log":13,"minecraft:string":146,"create:limestone":13,"tconstruct:earth_slime_dirt":32,"minecraft:cobbled_deepslate":805,"minecraft:gold_nugget":117,"minecraft:spruce_planks":47,"techreborn:rubber_log":31,"minecraft:coal_block":691,"vinery:cherry_planks":2,"vinery:old_cherry_log":10,"minecraft:jukebox":1,"techreborn:basic_machine_frame":2,"tconstruct:sky_slime_crystal":16,"ae2:fluix_block":10,"farmersdelight:onion":14,"minecraft:polished_basalt":50,"tconstruct:earth_slime_crystal_block":1,"yttr:brookite":5,"minecraft:snowball":3,"minecraft:birch_log":31,"minecraft:magma_block":75,"minecraft:feather":3,"minecraft:jungle_log":3,"minecraft:smoker":1,"techreborn:tin_ingot":4,"minecraft:flint":5,"minecraft:rabbit":1,"minecraft:moss_block":1,"tconstruct:sky_slime_sapling":7,"yttr:raw_gadolinite":12,"ae2:certus_quartz_crystal":1,"simplyswords:mjolnir":2,"minecraft:stripped_spruce_log":9,"extractinator:silt":6,"minecraft:dark_oak_log":13,"create:crimsite":8,"minecraft:granite":24,"minecraft:diamond_pickaxe":1,"minecraft:crafting_table":17,"minecraft:clay_ball":188,"minecraft:leather_leggings":1,"vinery:cherry_boat":5,"minecraft:cornflower":1,"vinery:cherry_sapling":3,"minecraft:cracked_stone_bricks":2,"minecraft:beef":12,"vinery:cherry":1,"minecraft:iron_nugget":15,"minecraft:poppy":4,"minecraft:spruce_slab":7,"minecraft:birch_sapling":20,"minecraft:chest":3,"minecraft:egg":35,"minecraft:oak_door":2,"beautify:birch_trellis":1,"minecraft:spruce_fence":1,"techreborn:ruby_gem":2,"farmersdelight:tomato_seeds":2,"tconstruct:sky_slime_dirt":1,"minecraft:carrot":43,"minecraft:redstone":25,"tconstruct:sky_slime_ball":27,"minecraft:hay_block":37,"techreborn:bauxite_dust":1,"minecraft:gold_ingot":17,"extractinator:extractinator":1,"minecraft:mutton":18,"minecraft:rail":3,"minecraft:white_wool":23,"minecraft:oxeye_daisy":1,"minecraft:stripped_oak_log":51,"doodads:glare_plushie":1,"vinery:stackable_log":6,"minecraft:filled_map":3,"minecraft:oak_log":262,"minecraft:golden_boots":2,"tconstruct:sky_slime_crystal_block":21,"farmersdelight:cooking_pot":1,"minecraft:stone_bricks":33,"minecraft:apple":15,"doodads:celestial_ring":2,"techreborn:deepslate_bauxite_ore":1,"minecraft:dark_oak_stairs":6,"minecraft:smooth_basalt":27,"doodads:loggers_glove":2,"beautify:bookstack":1,"minecraft:gravel":15,"minecraft:spruce_sapling":104,"minecraft:spruce_log":960,"travelersbackpack:standard":9,"minecraft:slime_ball":140,"minecraft:gray_wool":6,"minecraft:baked_potato":64,"minecraft:melon_seeds":6,"minecraft:hopper":1,"techreborn:raw_tin":12,"minecraft:wheat":8,"minecraft:redstone_block":1,"beautify:lamp_candleabra":1,"minecraft:gilded_blackstone":114,"minecraft:stone_brick_stairs":14,"simplyswords:gold_greataxe":1,"minecraft:raw_copper":104,"minecraft:iron_leggings":2,"techreborn:galena_ore":1,"minecraft:oak_sign":8,"minecraft:cobblestone_slab":3,"minecraft:calcite":1,"minecraft:azalea":1,"minecraft:iron_pickaxe":1,"minecraft:furnace":2,"minecraft:stick":150,"minecraft:oak_fence":45,"minecraft:torch":3,"minecraft:spruce_stairs":5,"minecraft:porkchop":12,"minecraft:diorite":37,"ae2:sky_stone_block":33,"minecraft:rotten_flesh":61,"farmersdelight:tree_bark":46,"create:veridium":12,"minecraft:obsidian":4,"minecraft:cobblestone":7693,"minecraft:andesite":42,"minecraft:potato":109,"minecraft:tuff":144,"minecraft:dirt":5377,"minecraft:lapis_lazuli":87,"travelersbackpack:bookshelf":1,"minecraft:bone":51,"travelersbackpack:backpack_tank":2,"minecraft:bow":4,"minecraft:wheat_seeds":67,"minecraft:raw_gold":2,"minecraft:oak_planks":136,"minecraft:waxed_exposed_copper":4,"techreborn:raw_lead":1,"minecraft:jungle_planks":15,"vinery:white_grape":29,"minecraft:sand":34,"minecraft:lily_of_the_valley":7,"techreborn:rubber_sapling":12,"minecraft:jungle_slab":3,"techreborn:sapphire_gem":10,"techreborn:red_garnet_gem":2,"minecraft:mossy_cobblestone":1,"techreborn:bauxite_ore":2,"techreborn:peridot_gem":1,"minecraft:diamond":9,"minecraft:emerald":13,"minecraft:oak_sapling":111,"minecraft:cocoa_beans":3,"minecraft:allium":31,"minecraft:chicken":1,"tconstruct:skyroot_log":32,"minecraft:stone_brick_wall":2,"minecraft:gold_block":5,"ad_astra:sky_stone":29,"tconstruct:earth_slime_crystal":50,"minecraft:blackstone":7,"techreborn:raw_silver":13,"minecraft:oak_boat":2,"minecraft:sugar_cane":66,"minecraft:spruce_trapdoor":8,"minecraft:phantom_membrane":3,"minecraft:raw_iron":101,"minecraft:dark_oak_planks":7,"minecraft:arrow":37,"minecraft:jungle_stairs":2,"ae2:certus_quartz_dust":54,"minecraft:golden_hoe":1,"vinery:white_grape_seeds":8,"minecraft:basalt":58,"minecraft:leather":11,"minecraft:yellow_bed":3,"minecraft:cobbled_deepslate_stairs":1,"minecraft:gunpowder":22,"minecraft:cobblestone_stairs":1,"doodads:paintbrush":1,"doodads:beaver_teeth":2,"techreborn:galena_dust":1,"minecraft:iron_ingot":34,"blahaj:bread":4,"minecraft:oak_slab":6,"minecraft:pumpkin":3,"minecraft:stone_brick_slab":4,"minecraft:quartz":3,"minecraft:dandelion":21,"minecraft:dripstone_block":12,"minecraft:amethyst_shard":8,"minecraft:blast_furnace":1,"minecraft:white_bed":7,"minecraft:spruce_door":3,"minecraft:spider_eye":9,"minecraft:pumpkin_seeds":10,"minecraft:iron_helmet":1,"ae2:engineering_processor_press":1,"minecraft:damaged_anvil":2,"minecraft:coal":796},"minecraft:killed_by":{"tconstruct:sky_slime":1,"minecraft:phantom":1},"minecraft:used":{"vinery:cherry_sapling":2,"minecraft:spruce_slab":116,"minecraft:chest":27,"minecraft:rotten_flesh":40,"minecraft:allium":8,"minecraft:stripped_spruce_log":1,"techreborn:rubber_planks":5,"minecraft:birch_sapling":1,"minecraft:stone_brick_stairs":138,"minecraft:bow":18,"minecraft:furnace":6,"minecraft:oak_sapling":11,"minecraft:cooked_cod":18,"minecraft:egg":33,"minecraft:potato":64,"minecraft:diorite":27,"minecraft:leather_leggings":2,"minecraft:damaged_anvil":1,"simplyswords:gold_greataxe":24,"minecraft:spruce_door":6,"minecraft:wooden_pickaxe":76,"minecraft:golden_apple":3,"minecraft:glow_berries":7,"minecraft:sand":5,"minecraft:wooden_sword":26,"minecraft:smithing_table":1,"minecraft:oak_boat":2,"minecraft:enchanting_table":1,"simplyswords:iron_cutlass":17,"minecraft:iron_bars":3,"minecraft:stone_sword":50,"techreborn:iron_furnace":4,"tconstruct:skyroot_log":4,"minecraft:cooked_salmon":4,"travelersbackpack:bat":2,"minecraft:torch":12,"simplyswords:iron_katana":15,"minecraft:iron_axe":493,"ae2:sky_stone_block":12,"extractinator:extractinator":1,"minecraft:smooth_basalt":16,"minecraft:basalt":5,"doodads:glare_staff":281,"farmersdelight:cooking_pot":1,"minecraft:cobbled_deepslate":188,"vinery:red_grape":1,"minecraft:golden_axe":1,"minecraft:water_bucket":21,"minecraft:rabbit":1,"minecraft:gilded_blackstone":5,"minecraft:waxed_exposed_copper":4,"minecraft:rail":3,"minecraft:oak_slab":6,"minecraft:crafting_table":25,"minecraft:campfire":3,"minecraft:white_bed":8,"techreborn:rubber_sapling":4,"minecraft:spruce_log":223,"minecraft:oak_log":6,"minecraft:diamond_pickaxe":6320,"minecraft:oxeye_daisy":1,"travelersbackpack:bookshelf":8,"minecraft:iron_pickaxe":1084,"minecraft:suspicious_stew":2,"minecraft:spruce_trapdoor":18,"minecraft:spruce_sapling":36,"ad_astra:sky_stone":4,"minecraft:cobblestone":88,"travelersbackpack:standard":52,"vinery:cherry":1,"minecraft:porkchop":7,"minecraft:cooked_porkchop":4,"minecraft:dandelion":13,"blahaj:bread":5,"minecraft:iron_shovel":5042,"minecraft:oak_sign":11,"minecraft:iron_sword":66,"vinery:white_grape":19,"minecraft:iron_chestplate":2,"minecraft:mutton":13,"minecraft:carrot":29,"minecraft:tuff":76,"minecraft:axolotl_bucket":2,"minecraft:lantern":18,"minecraft:iron_helmet":2,"vinery:stackable_log":6,"minecraft:stone_bricks":1043,"farmersdelight:cutting_board":1,"sniffer:sniffer_egg":1,"simplyswords:iron_spear":214,"minecraft:dark_oak_stairs":2,"minecraft:stone_pickaxe":398,"minecraft:oak_planks":63,"minecraft:redstone_block":1,"minecraft:white_wool":3,"minecraft:golden_hoe":8,"minecraft:crossbow":3,"minecraft:stone_brick_wall":76,"minecraft:cobbled_deepslate_stairs":16,"simplyswords:mjolnir":107,"minecraft:bread":134,"minecraft:gravel":8,"minecraft:grindstone":1,"minecraft:andesite":11,"minecraft:bone_meal":96,"minecraft:experience_bottle":1,"minecraft:cobweb":4,"minecraft:oak_fence":5,"minecraft:flint_and_steel":1,"minecraft:stone_shovel":166,"vinery:cherry_boat":8,"minecraft:spruce_planks":588,"minecraft:cooked_chicken":1,"minecraft:oak_door":5,"minecraft:dirt":3478,"minecraft:hopper":13,"minecraft:spruce_stairs":52,"minecraft:spruce_fence":78,"minecraft:granite":7,"minecraft:iron_hoe":64,"minecraft:stone_brick_slab":35,"minecraft:wooden_axe":1,"beautify:birch_trellis":1,"simplyswords:runic_cutlass":225,"minecraft:cooked_beef":7,"minecraft:iron_leggings":1,"vinery:cherry_planks":2,"minecraft:cooked_mutton":4,"minecraft:cobblestone_stairs":1,"minecraft:baked_potato":113,"minecraft:stonecutter":1,"minecraft:cobblestone_slab":3,"farmersdelight:onion":10,"tconstruct:sky_slime_dirt":1,"minecraft:apple":34,"beautify:bookstack":1,"minecraft:stone_axe":58,"minecraft:bucket":25,"tconstruct:sky_slime_crystal_block":1,"minecraft:yellow_bed":3}},"DataVersion":2975}