{"stats":{"minecraft:used":{"minecraft:mutton":1},"minecraft:killed":{"naturalist:snail":1,"minecraft:sheep":1},"minecraft:picked_up":{"minecraft:light_gray_wool":1,"minecraft:mutton":1},"minecraft:custom":{"minecraft:jump":223,"minecraft:time_since_rest":22385,"minecraft:damage_dealt":80,"minecraft:leave_game":5,"minecraft:play_time":22385,"minecraft:sprint_one_cm":26150,"minecraft:time_since_death":22385,"minecraft:walk_on_water_one_cm":80,"minecraft:walk_one_cm":5107,"minecraft:sneak_time":184,"minecraft:total_world_time":22385,"minecraft:walk_under_water_one_cm":315,"minecraft:mob_kills":2,"minecraft:swim_one_cm":2674,"minecraft:interact_with_crafting_table":1,"minecraft:fall_one_cm":6084,"minecraft:fly_one_cm":375842}},"DataVersion":2975}