{"stats":{"minecraft:crafted":{"minecraft:smooth_stone":20,"yttr:yttrium_nugget":9,"travelersbackpack:crafting_upgrade":1,"minecraft:purple_bed":2,"minecraft:melon":1,"minecraft:brick_wall":6,"minecraft:chain":8,"minecraft:birch_slab":6,"yttr:goggles":1,"minecraft:bookshelf":24,"minecraft:cooked_mutton":6,"minecraft:glass":86,"minecraft:diamond_helmet":2,"minecraft:diamond_leggings":2,"minecraft:melon_seeds":6,"minecraft:iron_door":3,"minecraft:birch_door":3,"minecraft:magenta_dye":8,"minecraft:cooked_rabbit":1,"minecraft:glass_bottle":3,"naturalist:teddy_bear":2,"minecraft:emerald":185,"minecraft:cooked_porkchop":82,"minecraft:glow_item_frame":2,"travelersbackpack:standard":5,"reinfchest:copper_chest":5,"minecraft:spruce_door":3,"minecraft:smithing_table":1,"minecraft:cobbled_deepslate_wall":6,"minecraft:copper_ingot":63,"minecraft:hay_block":7,"minecraft:lectern":1,"techreborn:silver_ingot":20,"minecraft:stone_slab":30,"minecraft:iron_pickaxe":11,"minecraft:iron_block":3,"farmersdelight:cooked_bacon":9,"minecraft:gold_ingot":371,"minecraft:spruce_fence_gate":12,"another_furniture:oak_drawer":3,"minecraft:birch_stairs":8,"minecraft:magenta_wool":4,"minecraft:stone_shovel":1,"minecraft:smooth_stone_slab":6,"minecraft:iron_nugget":378,"minecraft:brick_stairs":12,"minecraft:bone_meal":48,"minecraft:spruce_fence":57,"minecraft:white_carpet":9,"travelersbackpack:blank_upgrade":4,"travelersbackpack:gold_tier_upgrade":1,"minecraft:stone_stairs":4,"minecraft:lantern":46,"minecraft:spruce_stairs":144,"travelersbackpack:white_sleeping_bag":1,"minecraft:ladder":12,"techreborn:tin_ingot":8,"minecraft:spruce_slab":240,"simplyswords:diamond_warglaive":1,"minecraft:stone_pickaxe":5,"minecraft:diamond_boots":2,"minecraft:cobbled_deepslate_stairs":48,"minecraft:dark_oak_planks":428,"minecraft:brick_slab":12,"minecraft:lead":1,"minecraft:wheat":504,"yttr:yttrium_ingot":4,"reinfchest:gold_chest":5,"minecraft:enchanting_table":1,"minecraft:enchanted_book":11,"minecraft:jungle_slab":36,"reinfchest:diamond_chest":5,"minecraft:oak_fence_gate":8,"minecraft:golden_apple":30,"minecraft:andesite_slab":12,"minecraft:oak_stairs":148,"minecraft:iron_shovel":4,"minecraft:iron_leggings":3,"minecraft:armor_stand":2,"create:oak_window_pane":32,"minecraft:brick":300,"minecraft:grindstone":1,"minecraft:oak_planks":976,"minecraft:cobblestone_slab":6,"minecraft:barrel":18,"naturalist:cooked_venison":1,"create:birch_window":6,"minecraft:cooked_chicken":20,"minecraft:stone":288,"minecraft:cobblestone_stairs":4,"cookingforblockheads:fridge":1,"minecraft:dark_oak_door":3,"minecraft:hopper":6,"minecraft:stone_brick_slab":12,"minecraft:iron_boots":3,"minecraft:chest":33,"minecraft:bricks":66,"reinfchest:iron_chest":5,"minecraft:oak_fence":39,"minecraft:stone_bricks":56,"minecraft:oak_slab":30,"minecraft:item_frame":2,"travelersbackpack:iron_tier_upgrade":1,"minecraft:crafting_table":8,"minecraft:spruce_planks":804,"minecraft:baked_potato":652,"minecraft:wooden_pickaxe":1,"minecraft:iron_helmet":4,"minecraft:gold_block":15,"minecraft:birch_planks":472,"minecraft:pumpkin_seeds":48,"minecraft:spruce_trapdoor":78,"minecraft:dark_oak_slab":78,"minecraft:book":52,"minecraft:iron_chestplate":3,"minecraft:paper":99,"minecraft:diamond_pickaxe":3,"minecraft:purple_dye":2,"minecraft:shield":1,"minecraft:stick":300,"minecraft:iron_ingot":413,"minecraft:andesite_stairs":24,"minecraft:stone_sword":1,"minecraft:shears":2,"techreborn:rubber_planks":40,"minecraft:cobbled_deepslate_slab":48,"minecraft:wooden_sword":1,"minecraft:oak_door":3,"minecraft:coal":1377,"minecraft:stone_brick_wall":24,"minecraft:fishing_rod":2,"minecraft:furnace":9,"minecraft:blast_furnace":2,"minecraft:jungle_trapdoor":2,"create:oak_window":16,"minecraft:oak_trapdoor":26,"minecraft:glass_pane":32,"yttr:xl_iron_ingot":5,"minecraft:iron_axe":7,"minecraft:iron_hoe":2,"minecraft:cobblestone_wall":6,"minecraft:birch_sign":3,"travelersbackpack:diamond_tier_upgrade":1,"minecraft:cooked_beef":135,"minecraft:red_dye":1,"minecraft:cooked_cod":49,"minecraft:dark_oak_stairs":104,"travelersbackpack:backpack_tank":6,"minecraft:iron_sword":3,"vinery:white_grape_seeds":1,"minecraft:cooked_salmon":6,"ae2:silicon":2,"minecraft:bucket":7,"create:birch_window_pane":16,"minecraft:air":0,"minecraft:bread":215,"minecraft:jungle_planks":76,"minecraft:blue_dye":1,"minecraft:oak_boat":2,"minecraft:gold_nugget":27,"minecraft:anvil":1,"vinery:old_cherry_sapling":1,"minecraft:torch":224,"minecraft:magenta_carpet":6,"passivepiglins:piglin_coin":2,"minecraft:diamond_chestplate":2},"minecraft:mined":{"minecraft:dark_oak_planks":6,"minecraft:white_bed":12,"minecraft:jungle_leaves":1,"minecraft:granite":174,"minecraft:stone_brick_wall":2,"minecraft:jungle_log":19,"minecraft:coal_block":653,"minecraft:oxeye_daisy":2,"minecraft:oak_wall_sign":2,"yttr:deepslate_gadolinite":7,"minecraft:spawner":5,"minecraft:tall_seagrass":2,"minecraft:magma_block":77,"minecraft:cobbled_deepslate":57,"techreborn:deepslate_lead_ore":1,"minecraft:pumpkin":42,"minecraft:deepslate_lapis_ore":23,"minecraft:cave_vines":14,"minecraft:dirt_path":3,"minecraft:oak_stairs":30,"minecraft:white_banner":1,"create:veridium":18,"create:limestone":17,"minecraft:tripwire":4,"minecraft:brown_mushroom":17,"techreborn:deepslate_bauxite_ore":3,"ae2:sky_stone_chest":2,"minecraft:soul_fire":8,"minecraft:amethyst_cluster":4,"minecraft:powder_snow":26,"minecraft:blast_furnace":2,"beautify:hanging_pot":4,"vinery:red_grape_bush":30,"minecraft:melon":14,"minecraft:dead_bush":1,"create:scoria":18,"minecraft:glass":9,"create:birch_window_pane":4,"minecraft:sugar_cane":246,"minecraft:bricks":11,"minecraft:amethyst_block":3,"minecraft:skeleton_skull":1,"minecraft:white_terracotta":1,"minecraft:chain":2,"techreborn:silver_ore":11,"minecraft:wheat":405,"minecraft:lilac":5,"tconstruct:earth_slime_dirt":7,"minecraft:jukebox":1,"minecraft:pumpkin_stem":2,"minecraft:birch_door":1,"minecraft:grass":446,"minecraft:dark_oak_sapling":1,"minecraft:smooth_basalt":13,"minecraft:deepslate":952,"minecraft:attached_pumpkin_stem":5,"create:zinc_ore":4,"techreborn:sapphire_ore":14,"minecraft:mossy_cobblestone":10,"extractinator:extractinator":4,"farmersdelight:wild_carrots":25,"minecraft:dark_oak_log":107,"minecraft:cobbled_deepslate_slab":42,"minecraft:allium":2,"minecraft:spruce_fence":10,"minecraft:cartography_table":1,"minecraft:moss_block":13,"farmersdelight:wild_onions":9,"techreborn:lead_ore":3,"minecraft:andesite":192,"minecraft:big_dripleaf_stem":2,"minecraft:potatoes":398,"tconstruct:earth_earth_slime_grass":4,"minecraft:cobblestone_slab":6,"minecraft:vine":14,"ae2:sky_stone_block":90,"tconstruct:earth_congealed_slime":6,"ae2:quartz_ore":3,"ad_astra:sky_stone":21,"minecraft:smithing_table":8,"minecraft:birch_stairs":9,"minecraft:oak_slab":23,"minecraft:glass_pane":6,"techreborn:deepslate_silver_ore":2,"minecraft:soul_sand":22,"minecraft:lily_of_the_valley":5,"minecraft:dandelion":6,"minecraft:cornflower":5,"minecraft:emerald_ore":92,"minecraft:copper_ore":17,"minecraft:tall_grass":83,"farmersdelight:wild_tomatoes":4,"minecraft:deepslate_gold_ore":107,"minecraft:diorite":130,"cookingforblockheads:fridge":2,"minecraft:big_dripleaf":1,"techreborn:rubber_leaves":1,"techreborn:ruby_ore":12,"minecraft:spruce_log":102,"minecraft:birch_leaves":94,"minecraft:sunflower":5,"minecraft:gravel":110,"minecraft:dripstone_block":2,"minecraft:cobweb":267,"ae2:deepslate_quartz_ore":24,"minecraft:spruce_fence_gate":4,"minecraft:stone_bricks":2,"vinery:cherry_leaves":87,"minecraft:gold_ore":129,"beautify:birch_trellis":6,"minecraft:fern":1,"minecraft:spruce_planks":97,"minecraft:oak_sapling":1,"minecraft:cobbled_deepslate_stairs":30,"minecraft:jungle_slab":1,"minecraft:andesite_stairs":1,"minecraft:brewing_stand":2,"minecraft:spruce_trapdoor":27,"minecraft:cave_vines_plant":6,"minecraft:grass_block":1117,"tconstruct:earth_slime_tall_grass":1,"minecraft:soul_soil":23,"farmersdelight:budding_tomatoes":4,"minecraft:gilded_blackstone":184,"naturalist:teddy_bear":2,"minecraft:iron_ore":283,"create:oak_window_pane":4,"minecraft:azure_bluet":1,"minecraft:dark_oak_stairs":9,"minecraft:pointed_dripstone":1,"minecraft:flowering_azalea_leaves":23,"minecraft:black_candle":5,"minecraft:azalea_leaves":9,"minecraft:azalea":9,"minecraft:spruce_slab":43,"ae2:fluix_block":7,"minecraft:deepslate_redstone_ore":16,"minecraft:blackstone":14,"minecraft:orange_terracotta":3,"minecraft:clay":163,"minecraft:calcite":3,"minecraft:poppy":4,"minecraft:chest":14,"tconstruct:small_earth_slime_crystal_bud":2,"minecraft:cobblestone":91,"doodads:glare_light":66,"extractinator:silt":16,"minecraft:oak_planks":134,"minecraft:wall_torch":2,"vinery:white_grape_bush":24,"minecraft:deepslate_copper_ore":3,"tconstruct:large_earth_slime_crystal_bud":5,"minecraft:seagrass":4,"minecraft:dark_oak_slab":4,"lootr:trophy":1,"minecraft:dark_oak_door":2,"minecraft:birch_log":120,"minecraft:orange_tulip":1,"minecraft:smooth_stone_slab":1,"minecraft:oak_log":436,"techreborn:galena_ore":1,"minecraft:sand":138,"minecraft:dirt":728,"beautify:oak_picture_frame":11,"create:crimsite":11,"minecraft:oak_leaves":203,"minecraft:diamond_ore":5,"minecraft:tuff":69,"create:oak_window":2,"farmersdelight:onions":54,"minecraft:oak_door":3,"minecraft:dark_oak_leaves":3,"minecraft:deepslate_diamond_ore":136,"minecraft:glow_lichen":1,"tconstruct:earth_slime_crystal_block":11,"travelersbackpack:white_sleeping_bag":47,"minecraft:birch_slab":4,"minecraft:spruce_leaves":1,"minecraft:hay_block":76,"minecraft:oak_trapdoor":3,"minecraft:furnace":2,"minecraft:carrots":292,"minecraft:polished_basalt":8,"tconstruct:budding_earth_slime_crystal":3,"minecraft:stripped_spruce_log":13,"yttr:deepslate_brookite_ore":3,"minecraft:gold_block":3,"minecraft:bookshelf":8,"minecraft:deepslate_iron_ore":115,"minecraft:lantern":6,"minecraft:stripped_oak_log":1,"minecraft:stone":3460,"farmersdelight:cooking_pot":1,"minecraft:flowering_azalea":23,"yttr:gadolinite":3,"minecraft:basalt":19,"minecraft:spruce_door":7,"create:track":4,"minecraft:oak_fence":9,"minecraft:crafting_table":26,"tconstruct:earth_slime_crystal_cluster":4,"mysticaloaktree:wise_oak":1,"minecraft:rose_bush":3,"minecraft:lectern":294,"minecraft:stone_slab":5,"minecraft:lapis_ore":9,"techreborn:tin_ore":36,"minecraft:spruce_stairs":43,"farmersdelight:wild_beetroots":9,"minecraft:birch_planks":18,"techreborn:rubber_planks":30,"minecraft:brick_slab":1,"minecraft:coal_ore":825,"minecraft:small_dripleaf":3,"techreborn:rubber_log":10},"minecraft:broken":{"minecraft:shears":1,"minecraft:iron_boots":1,"minecraft:iron_chestplate":2,"minecraft:iron_leggings":2,"minecraft:chainmail_boots":1,"minecraft:iron_sword":1,"minecraft:fishing_rod":1,"minecraft:iron_hoe":1,"minecraft:iron_axe":4,"minecraft:iron_pickaxe":14,"minecraft:iron_helmet":3,"minecraft:iron_shovel":4,"minecraft:stone_pickaxe":3,"minecraft:diamond_boots":1,"minecraft:stone_axe":1,"minecraft:stone_shovel":1},"minecraft:custom":{"minecraft:interact_with_crafting_table":449,"minecraft:open_barrel":133,"minecraft:leave_game":213,"minecraft:time_since_death":212972,"minecraft:damage_blocked_by_shield":1890,"minecraft:play_time":3978713,"minecraft:deaths":12,"minecraft:jump":39183,"minecraft:enchant_item":9,"minecraft:interact_with_furnace":489,"minecraft:play_record":3,"minecraft:traded_with_villager":198,"minecraft:interact_with_cartography_table":2,"minecraft:sleep_in_bed":188,"minecraft:damage_dealt":243248,"minecraft:open_diamond_chest":52,"minecraft:interact_with_smoker":2,"minecraft:horse_one_cm":2701665,"minecraft:interact_with_smithing_table":19,"minecraft:interact_with_anvil":20,"minecraft:sneak_time":108460,"minecraft:interact_with_blast_furnace":21,"minecraft:total_world_time":3978713,"minecraft:interact_with_stonecutter":2,"minecraft:time_since_rest":73334,"minecraft:swim_one_cm":702923,"minecraft:fly_one_cm":8622848,"minecraft:open_chest":1035,"minecraft:fish_caught":208,"minecraft:fall_one_cm":3370352,"lootr:looted_stat":110,"minecraft:animals_bred":68,"minecraft:sprint_one_cm":6892117,"minecraft:drop":519,"minecraft:talked_to_villager":546,"minecraft:interact_with_brewingstand":9,"minecraft:walk_on_water_one_cm":529099,"minecraft:crouch_one_cm":205177,"minecraft:mob_kills":1430,"minecraft:climb_one_cm":151884,"minecraft:walk_one_cm":11888809,"minecraft:raid_win":3,"minecraft:walk_under_water_one_cm":403114,"minecraft:boat_one_cm":480617,"minecraft:raid_trigger":2,"minecraft:pot_flower":10,"minecraft:interact_with_grindstone":1,"minecraft:damage_taken":26667},"minecraft:dropped":{"minecraft:iron_sword":3,"yttr:goggles":2,"minecraft:glass_bottle":8,"minecraft:diamond":41,"minecraft:dark_oak_slab":5,"minecraft:crossbow":1,"vinery:white_grape_seeds":9,"techreborn:rubber_sapling":6,"minecraft:rail":2,"minecraft:dirt":584,"minecraft:grass":3,"techreborn:raw_tin":3,"minecraft:gold_nugget":13,"minecraft:bone_meal":1,"create:goggles":1,"minecraft:sand":1,"minecraft:iron_pickaxe":4,"travelersbackpack:backpack_tank":2,"minecraft:dark_oak_planks":2,"minecraft:fishing_rod":2,"doodads:paintbrush":1,"minecraft:bone":14,"minecraft:iron_nugget":4,"create:oak_window_pane":6,"minecraft:cobbled_deepslate":118,"minecraft:wheat":4,"minecraft:birch_sapling":3,"minecraft:rotten_flesh":270,"minecraft:azure_bluet":16,"minecraft:salmon":4,"techreborn:tin_ingot":3,"create:scoria":2,"minecraft:leather_boots":3,"minecraft:ladder":2,"doodads:glare_staff":2,"minecraft:egg":3,"minecraft:birch_leaves":12,"minecraft:wheat_seeds":233,"farmersdelight:skillet":2,"minecraft:oak_fence":1,"minecraft:iron_helmet":2,"minecraft:feather":8,"minecraft:cobblestone":377,"minecraft:apple":1,"minecraft:granite":55,"minecraft:coal":63,"ad_astra:sky_stone":4,"techreborn:rubber_log":4,"minecraft:ink_sac":23,"minecraft:string":33,"minecraft:lily_pad":3,"minecraft:chicken":1,"minecraft:clay_ball":2,"minecraft:iron_boots":3,"techreborn:lead_ingot":1,"minecraft:oak_sign":1,"minecraft:stone":10,"minecraft:spruce_planks":64,"minecraft:diamond_pickaxe":2,"minecraft:spider_eye":21,"minecraft:bow":17,"minecraft:red_tulip":1,"minecraft:magma_block":11,"ae2:certus_quartz_crystal":2,"minecraft:soul_sand":6,"minecraft:baked_potato":65,"techreborn:advanced_alloy_ingot":15,"create:track":11,"minecraft:jungle_planks":4,"travelersbackpack:standard":2,"farmersdelight:rice":4,"minecraft:flint":5,"minecraft:cornflower":1,"minecraft:mutton":3,"minecraft:gilded_blackstone":9,"ae2:silicon_press":2,"vinery:red_grape_seeds":6,"minecraft:gravel":11,"minecraft:white_tulip":1,"techreborn:peridot_gem":11,"minecraft:carrot":2,"minecraft:poppy":1,"minecraft:rabbit_hide":1,"minecraft:gunpowder":21,"doodads:loggers_glove":1,"minecraft:melon_seeds":1,"minecraft:chest":1,"minecraft:basalt":5,"minecraft:oak_leaves":1,"minecraft:water_bucket":2,"travelersbackpack:bookshelf":2,"minecraft:mossy_cobblestone":7,"techreborn:raw_lead":5,"minecraft:poisonous_potato":2,"ae2:sky_stone_block":7,"simplyswords:diamond_warglaive":1,"minecraft:spruce_stairs":1,"minecraft:grass_block":2,"minecraft:stick":44,"minecraft:diorite":22,"minecraft:torch":1,"farmersdelight:cooking_pot":1,"minecraft:iron_axe":2,"minecraft:dandelion":1,"minecraft:smooth_basalt":10,"minecraft:redstone":60,"simplyswords:thunderbrand":1,"minecraft:raw_copper":5,"minecraft:tuff":59,"minecraft:stripped_oak_log":1,"doodads:cactus_ring":1,"minecraft:filled_map":4,"minecraft:iron_chestplate":2,"minecraft:andesite":16,"minecraft:oak_sapling":2,"ae2:certus_quartz_dust":5,"minecraft:wooden_pickaxe":1},"minecraft:picked_up":{"techreborn:advanced_alloy_ingot":22,"minecraft:birch_door":1,"minecraft:iron_chestplate":3,"vinery:red_grape":114,"minecraft:lead":20,"minecraft:smithing_table":8,"minecraft:stone_slab":34,"vinery:red_grape_seeds":41,"minecraft:oak_stairs":36,"minecraft:brewing_stand":2,"minecraft:amethyst_block":2,"minecraft:music_disc_cat":1,"minecraft:string":372,"minecraft:soul_soil":27,"tconstruct:earth_slime_dirt":9,"create:limestone":32,"minecraft:pufferfish":31,"minecraft:beetroot":2,"minecraft:gold_nugget":62,"minecraft:cobbled_deepslate":829,"minecraft:spruce_planks":150,"techreborn:rubber_log":14,"minecraft:azalea_leaves":5,"minecraft:melon_slice":67,"minecraft:coal_block":712,"minecraft:dark_oak_door":3,"minecraft:jukebox":1,"minecraft:big_dripleaf":6,"minecraft:brick_wall":4,"techreborn:basic_machine_frame":1,"tconstruct:sky_slime_crystal":8,"minecraft:tropical_fish":8,"create:scoria":2,"farmersdelight:onion":179,"ae2:fluix_block":9,"create:track":18,"minecraft:polished_basalt":8,"minecraft:red_tulip":1,"tconstruct:earth_slime_crystal_block":22,"minecraft:white_terracotta":1,"yttr:brookite":10,"simplyswords:thunderbrand":1,"minecraft:birch_log":120,"minecraft:magma_block":71,"minecraft:feather":32,"minecraft:cooked_beef":3,"minecraft:birch_slab":5,"minecraft:iron_door":4,"minecraft:water_bucket":2,"minecraft:jungle_log":19,"minecraft:brown_wool":6,"techreborn:tin_ingot":7,"minecraft:flint":24,"yttr:xl_iron_ingot":5,"minecraft:lantern":7,"farmersdelight:tomato":32,"lootr:trophy":1,"create:goggles":1,"minecraft:rabbit":1,"minecraft:diamond_helmet":2,"minecraft:glowstone_dust":2,"minecraft:moss_block":43,"beautify:hanging_pot":9,"yttr:raw_gadolinite":10,"techreborn:lead_ingot":6,"ae2:certus_quartz_crystal":26,"minecraft:stripped_spruce_log":13,"minecraft:ink_sac":43,"minecraft:dark_oak_log":107,"create:crimsite":6,"minecraft:granite":167,"minecraft:golden_horse_armor":1,"minecraft:bread":4,"minecraft:bricks":13,"farmersdelight:wild_tomatoes":4,"minecraft:diamond_pickaxe":2,"minecraft:crafting_table":26,"adoptafloppa:amazon_delivery":1,"minecraft:clay_ball":632,"vinery:cherry_boat":2,"ae2:silicon_press":3,"minecraft:cornflower":9,"minecraft:glass_pane":12,"cookingforblockheads:fridge":2,"minecraft:cartography_table":1,"minecraft:beef":157,"minecraft:iron_nugget":32,"minecraft:poppy":5,"minecraft:spruce_slab":53,"minecraft:chest":16,"minecraft:birch_sapling":18,"minecraft:egg":28,"minecraft:stone":37,"minecraft:oak_door":4,"beautify:birch_trellis":6,"techreborn:rubber_planks":27,"minecraft:spruce_fence":10,"techreborn:ruby_gem":10,"farmersdelight:tomato_seeds":13,"minecraft:carrot":1051,"minecraft:redstone":69,"minecraft:prismarine_crystals":3,"minecraft:beetroot_seeds":9,"minecraft:hay_block":76,"minecraft:gold_ingot":6,"minecraft:totem_of_undying":2,"minecraft:glow_berries":77,"minecraft:mutton":9,"extractinator:extractinator":5,"minecraft:white_wool":22,"minecraft:rail":2,"minecraft:oxeye_daisy":5,"minecraft:stripped_oak_log":1,"doodads:glare_plushie":1,"minecraft:birch_leaves":94,"minecraft:tripwire_hook":1,"minecraft:filled_map":2,"minecraft:oak_log":434,"minecraft:lily_pad":3,"minecraft:golden_boots":1,"farmersdelight:skillet":2,"minecraft:paper":54,"minecraft:white_banner":5,"farmersdelight:cooking_pot":1,"minecraft:apple":16,"minecraft:stone_bricks":15,"doodads:celestial_ring":1,"techreborn:deepslate_bauxite_ore":3,"minecraft:glass_bottle":6,"minecraft:iron_sword":3,"minecraft:flowering_azalea":25,"minecraft:dark_oak_stairs":8,"doodads:loggers_glove":1,"minecraft:smooth_basalt":33,"minecraft:dark_oak_slab":6,"minecraft:gravel":19,"minecraft:birch_stairs":11,"minecraft:spruce_sapling":17,"naturalist:bear_fur":9,"minecraft:spruce_log":101,"travelersbackpack:standard":2,"minecraft:slime_ball":32,"minecraft:melon_seeds":3,"vinery:cherry_leaves":82,"minecraft:ender_pearl":46,"techreborn:raw_tin":34,"minecraft:wheat":393,"create:oak_window_pane":3,"minecraft:potion":2,"minecraft:gilded_blackstone":218,"techreborn:refined_iron_ingot":11,"minecraft:raw_copper":118,"minecraft:smooth_stone_slab":5,"minecraft:armor_stand":1,"techreborn:galena_ore":2,"minecraft:oak_sign":2,"minecraft:smooth_stone":11,"minecraft:bucket":1,"minecraft:white_tulip":3,"minecraft:rose_bush":4,"minecraft:cobblestone_slab":12,"minecraft:calcite":2,"minecraft:azalea":14,"minecraft:iron_pickaxe":9,"minecraft:iron_boots":1,"minecraft:furnace":2,"minecraft:stick":78,"farmersdelight:rotten_tomato":4,"minecraft:oak_fence":19,"minecraft:torch":132,"doodads:moon_ring":1,"minecraft:spruce_stairs":39,"minecraft:porkchop":88,"minecraft:pointed_dripstone":4,"minecraft:diorite":172,"minecraft:vine":12,"ae2:sky_stone_block":73,"sniffer:sniffer_egg":3,"minecraft:rotten_flesh":439,"adoptafloppa:cirno_block":1,"create:veridium":27,"minecraft:obsidian":2,"minecraft:cod":139,"passivepiglins:piglin_coin":2,"minecraft:cobblestone":2224,"minecraft:nautilus_shell":2,"minecraft:lilac":8,"minecraft:andesite":168,"minecraft:potato":1452,"minecraft:tuff":110,"create:raw_zinc":2,"minecraft:lapis_lazuli":319,"minecraft:dirt":2836,"minecraft:name_tag":2,"minecraft:glass":58,"minecraft:leather_boots":3,"beautify:oak_picture_frame":11,"travelersbackpack:bookshelf":2,"minecraft:bone":264,"minecraft:wheat_seeds":1279,"minecraft:bow":22,"minecraft:orange_tulip":1,"minecraft:cobbled_deepslate_wall":3,"minecraft:small_dripleaf":1,"minecraft:raw_gold":348,"minecraft:cobbled_deepslate_slab":74,"ae2:logic_processor_press":2,"minecraft:oak_planks":160,"minecraft:music_disc_13":1,"techreborn:raw_lead":7,"minecraft:poisonous_potato":4,"vinery:white_grape":86,"minecraft:sand":140,"minecraft:grass_block":10,"minecraft:lily_of_the_valley":6,"farmersdelight:ham":1,"techreborn:sapphire_gem":42,"techreborn:rubber_sapling":9,"techreborn:red_garnet_gem":4,"minecraft:mossy_cobblestone":31,"techreborn:peridot_gem":11,"minecraft:spruce_fence_gate":4,"minecraft:diamond":352,"minecraft:crossbow":2,"minecraft:grass":3,"yttr:goggles":2,"minecraft:bone_meal":23,"minecraft:emerald":203,"minecraft:oak_sapling":61,"minecraft:oak_leaves":106,"minecraft:fishing_rod":3,"minecraft:allium":21,"minecraft:azure_bluet":20,"minecraft:chicken":24,"minecraft:ladder":2,"naturalist:venison":1,"minecraft:brown_mushroom":17,"minecraft:stone_brick_wall":15,"minecraft:gold_block":19,"minecraft:chain":2,"ad_astra:sky_stone":26,"minecraft:brick":36,"tconstruct:earth_slime_crystal":32,"minecraft:oak_trapdoor":3,"minecraft:moss_carpet":14,"minecraft:iron_axe":1,"minecraft:blackstone":5,"techreborn:raw_silver":28,"minecraft:andesite_stairs":9,"minecraft:oak_boat":5,"minecraft:lectern":294,"minecraft:sugar_cane":471,"minecraft:spruce_trapdoor":26,"minecraft:phantom_membrane":3,"minecraft:dark_oak_sapling":6,"minecraft:raw_iron":446,"minecraft:copper_ingot":27,"minecraft:bowl":5,"minecraft:flowering_azalea_leaves":22,"minecraft:cookie":1,"ae2:sky_stone_chest":2,"create:zinc_ingot":2,"minecraft:iron_horse_armor":1,"minecraft:dark_oak_planks":7,"minecraft:arrow":237,"ae2:certus_quartz_dust":201,"create:experience_nugget":6,"minecraft:pumpkin_pie":1,"vinery:white_grape_seeds":43,"minecraft:saddle":7,"ae2:calculation_processor_press":1,"minecraft:brick_stairs":4,"minecraft:skeleton_skull":1,"doodads:slimey_shoes":1,"doodads:glare_staff":3,"minecraft:basalt":18,"minecraft:glow_ink_sac":8,"naturalist:teddy_bear":2,"minecraft:salmon":55,"minecraft:leather":205,"minecraft:birch_planks":40,"create:oak_window":2,"minecraft:cobblestone_wall":2,"minecraft:cobbled_deepslate_stairs":29,"minecraft:gunpowder":183,"doodads:paintbrush":1,"minecraft:rabbit_hide":1,"minecraft:heart_of_the_sea":5,"minecraft:iron_ingot":173,"minecraft:cooked_chicken":3,"minecraft:soul_sand":18,"minecraft:music_disc_chirp":1,"minecraft:book":30,"minecraft:oak_slab":37,"techreborn:silver_ingot":24,"minecraft:black_candle":13,"minecraft:pumpkin":56,"minecraft:stone_brick_slab":5,"minecraft:quartz":12,"minecraft:dandelion":17,"minecraft:amethyst_shard":32,"minecraft:blast_furnace":2,"minecraft:white_bed":12,"minecraft:spruce_door":7,"minecraft:spider_eye":77,"minecraft:brick_slab":5,"minecraft:pumpkin_seeds":21,"minecraft:iron_helmet":1,"ae2:engineering_processor_press":1,"minecraft:coal":867,"minecraft:sunflower":5},"minecraft:killed_by":{"minecraft:ravager":1,"minecraft:vindicator":3,"minecraft:creeper":2,"minecraft:spider":1,"minecraft:skeleton":1},"minecraft:killed":{"minecraft:cave_spider":11,"minecraft:cod":12,"minecraft:skeleton":266,"minecraft:chicken":16,"naturalist:snake":5,"minecraft:salmon":17,"minecraft:pillager":50,"minecraft:zombie":419,"minecraft:glow_squid":1,"minecraft:cow":65,"minecraft:evoker":1,"minecraft:vindicator":15,"minecraft:horse":2,"naturalist:coral_snake":2,"naturalist:deer":1,"naturalist:bear":3,"minecraft:rabbit":2,"minecraft:ravager":4,"minecraft:enderman":32,"minecraft:witch":8,"minecraft:spider":186,"naturalist:snail":1,"minecraft:pig":38,"minecraft:zombie_villager":4,"minecraft:creeper":202,"minecraft:sheep":4,"minecraft:vex":3,"minecraft:slime":22,"minecraft:phantom":9,"minecraft:drowned":20,"vinery:wandering_winemaker":1,"minecraft:bat":6},"minecraft:used":{"minecraft:moss_block":1,"minecraft:spruce_slab":267,"minecraft:ladder":9,"minecraft:poppy":3,"minecraft:chest":33,"create:oak_window_pane":29,"minecraft:stone":148,"create:oak_window":2,"minecraft:rotten_flesh":1,"lootr:trophy":2,"minecraft:brick_slab":5,"minecraft:allium":21,"minecraft:stripped_spruce_log":13,"minecraft:azure_bluet":4,"simplyswords:runic_chakram":303,"techreborn:rubber_planks":28,"minecraft:grass_block":3,"minecraft:birch_sapling":14,"minecraft:music_disc_chirp":1,"farmersdelight:rotten_tomato":4,"minecraft:dark_oak_slab":64,"minecraft:bow":69,"minecraft:furnace":9,"minecraft:oak_sapling":58,"naturalist:teddy_bear":4,"minecraft:egg":1,"minecraft:potato":469,"vinery:white_grape_seeds":21,"beautify:oak_picture_frame":11,"minecraft:diorite":20,"minecraft:leather_leggings":1,"minecraft:spruce_door":8,"minecraft:brick_wall":2,"minecraft:blackstone":3,"minecraft:orange_tulip":1,"create:crimsite":6,"minecraft:wooden_pickaxe":27,"minecraft:oak_leaves":100,"minecraft:glow_berries":36,"minecraft:sand":1,"minecraft:blast_furnace":3,"minecraft:pumpkin_seeds":14,"minecraft:birch_slab":6,"minecraft:lectern":293,"minecraft:flowering_azalea_leaves":22,"minecraft:lilac":8,"minecraft:wooden_sword":2,"minecraft:smithing_table":8,"minecraft:poisonous_potato":1,"minecraft:oak_boat":7,"tconstruct:earth_slime_dirt":9,"minecraft:oak_trapdoor":29,"minecraft:enchanting_table":1,"minecraft:stone_sword":107,"minecraft:armor_stand":3,"adoptafloppa:amazon_delivery":1,"create:veridium":23,"minecraft:torch":391,"minecraft:brewing_stand":2,"minecraft:anvil":1,"minecraft:stone_stairs":2,"minecraft:oak_fence_gate":8,"ae2:fluix_block":1,"minecraft:iron_axe":1526,"minecraft:brick_stairs":8,"ae2:sky_stone_block":2,"extractinator:extractinator":4,"minecraft:barrel":18,"minecraft:melon_seeds":6,"minecraft:diamond_chestplate":1,"adoptafloppa:cirno_block":1,"doodads:glare_staff":1117,"farmersdelight:cooking_pot":2,"reinfchest:diamond_chest":5,"farmersdelight:tomato_seeds":24,"minecraft:cobbled_deepslate":184,"vinery:red_grape":9,"minecraft:wheat_seeds":478,"minecraft:water_bucket":43,"minecraft:birch_planks":352,"minecraft:cartography_table":1,"farmersdelight:golden_knife":7,"vinery:cherry_leaves":79,"minecraft:spruce_fence_gate":16,"minecraft:gilded_blackstone":18,"minecraft:oak_slab":47,"minecraft:crafting_table":33,"minecraft:birch_sign":3,"minecraft:white_bed":10,"techreborn:rubber_sapling":3,"minecraft:spruce_log":89,"minecraft:oak_log":155,"create:track":8,"minecraft:diamond_pickaxe":4757,"minecraft:cornflower":5,"minecraft:oxeye_daisy":2,"minecraft:sunflower":5,"minecraft:iron_pickaxe":3258,"minecraft:spruce_trapdoor":101,"minecraft:spruce_sapling":9,"simplyswords:gold_cutlass":3,"ad_astra:sky_stone":1,"minecraft:cobblestone":666,"minecraft:potion":2,"minecraft:purple_bed":2,"travelersbackpack:standard":71,"minecraft:cooked_porkchop":51,"minecraft:andesite_stairs":17,"minecraft:glass_pane":20,"minecraft:black_candle":11,"minecraft:dandelion":10,"minecraft:jukebox":1,"simplyswords:thunderbrand":774,"minecraft:iron_shovel":1096,"minecraft:melon":1,"ae2:sky_stone_chest":1,"minecraft:shield":54,"minecraft:white_terracotta":1,"minecraft:iron_sword":597,"minecraft:iron_chestplate":4,"minecraft:carrot":375,"minecraft:tuff":4,"minecraft:music_disc_13":1,"minecraft:glass":68,"cookingforblockheads:fridge":3,"minecraft:bricks":39,"minecraft:lantern":52,"minecraft:iron_helmet":4,"minecraft:stone_bricks":15,"minecraft:magma_block":12,"minecraft:hay_block":20,"minecraft:skeleton_skull":1,"minecraft:dark_oak_sapling":6,"minecraft:dark_oak_stairs":107,"minecraft:birch_leaves":35,"minecraft:stone_pickaxe":547,"minecraft:oak_planks":374,"beautify:hanging_pot":11,"minecraft:sugar_cane":33,"minecraft:crossbow":1,"minecraft:stone_brick_wall":23,"minecraft:shears":332,"minecraft:cobbled_deepslate_stairs":77,"minecraft:bread":137,"minecraft:string":19,"minecraft:gravel":2,"minecraft:grindstone":1,"minecraft:andesite":23,"farmersdelight:wild_tomatoes":4,"minecraft:chain":5,"minecraft:smooth_stone_slab":1,"minecraft:bone_meal":37,"minecraft:oak_fence":51,"minecraft:rose_bush":4,"minecraft:white_tulip":1,"minecraft:stone_shovel":139,"vinery:cherry_boat":2,"minecraft:spruce_planks":125,"minecraft:cooked_chicken":3,"minecraft:oak_door":3,"minecraft:dirt":1807,"minecraft:hopper":6,"minecraft:spruce_stairs":182,"minecraft:cobblestone_wall":4,"minecraft:spruce_fence":64,"minecraft:granite":2,"minecraft:birch_door":1,"minecraft:iron_hoe":444,"minecraft:stone_brick_slab":13,"minecraft:dark_oak_planks":153,"beautify:birch_trellis":10,"minecraft:bookshelf":23,"minecraft:oak_stairs":152,"minecraft:iron_boots":2,"minecraft:cooked_beef":38,"another_furniture:oak_drawer":3,"minecraft:iron_leggings":3,"minecraft:cobbled_deepslate_wall":3,"minecraft:cobblestone_stairs":2,"minecraft:glass_bottle":2,"minecraft:baked_potato":386,"minecraft:andesite_slab":12,"minecraft:cobblestone_slab":6,"minecraft:glow_item_frame":2,"farmersdelight:onion":104,"minecraft:music_disc_cat":1,"simplyswords:runic_spear":691,"minecraft:magenta_carpet":6,"minecraft:dark_oak_door":4,"minecraft:chicken":1,"minecraft:stone_slab":5,"simplyswords:iron_sai":8,"create:birch_window_pane":4,"minecraft:stone_axe":135,"minecraft:fishing_rod":309,"minecraft:cobbled_deepslate_slab":84,"minecraft:white_banner":5,"minecraft:bucket":54,"vinery:red_grape_seeds":21,"minecraft:birch_stairs":18}},"DataVersion":2975}